-- phpMyAdmin SQL Dump
-- version 4.0.10.14
-- http://www.phpmyadmin.net
--
-- Anamakine: localhost:3306
-- Üretim Zamanı: 31 May 2018, 17:00:17
-- Sunucu sürümü: 5.5.50-cll
-- PHP Sürümü: 5.4.31

SET SQL_MODE = "NO_AUTO_VALUE_ON_ZERO";
SET time_zone = "+00:00";


/*!40101 SET @OLD_CHARACTER_SET_CLIENT=@@CHARACTER_SET_CLIENT */;
/*!40101 SET @OLD_CHARACTER_SET_RESULTS=@@CHARACTER_SET_RESULTS */;
/*!40101 SET @OLD_COLLATION_CONNECTION=@@COLLATION_CONNECTION */;
/*!40101 SET NAMES utf8 */;

--
-- Veritabanı: `eggricol_eggricol`
--

-- --------------------------------------------------------

--
-- Tablo için tablo yapısı `assets`
--

CREATE TABLE IF NOT EXISTS `assets` (
  `id` int(11) NOT NULL AUTO_INCREMENT,
  `userid` int(11) NOT NULL,
  `milk` int(11) NOT NULL DEFAULT '0',
  `egg` int(11) NOT NULL DEFAULT '0',
  `food` double NOT NULL DEFAULT '0',
  `foodTimer` text NOT NULL,
  `gold` int(11) NOT NULL DEFAULT '0',
  `kartopu` int(11) NOT NULL DEFAULT '0',
  `kartopuDetails` text NOT NULL,
  `boncuk` int(11) NOT NULL DEFAULT '0',
  `boncukDetails` text,
  `boncukLiked` int(11) NOT NULL DEFAULT '0',
  `sarikiz` int(11) NOT NULL DEFAULT '0',
  `sarikizDetails` text,
  `sarikizLiked` int(11) NOT NULL DEFAULT '0',
  `simental` int(11) NOT NULL DEFAULT '0',
  `simentalDetails` text,
  `simentalLiked` int(11) NOT NULL DEFAULT '0',
  `dudu` int(11) NOT NULL DEFAULT '0',
  `duduDetails` text,
  `pamuk` int(11) NOT NULL DEFAULT '0',
  `pamukDetails` text,
  `pamukLiked` int(11) NOT NULL DEFAULT '0',
  `pofuduk` int(11) NOT NULL DEFAULT '0',
  `pofudukDetails` text,
  `pofudukLiked` int(11) NOT NULL DEFAULT '0',
  `suslu` int(11) NOT NULL DEFAULT '0',
  `susluDetails` text,
  `susluLiked` int(11) NOT NULL DEFAULT '0',
  PRIMARY KEY (`id`)
) ENGINE=InnoDB  DEFAULT CHARSET=latin1 AUTO_INCREMENT=682 ;

--
-- Tablo döküm verisi `assets`
--

INSERT INTO `assets` (`id`, `userid`, `milk`, `egg`, `food`, `foodTimer`, `gold`, `kartopu`, `kartopuDetails`, `boncuk`, `boncukDetails`, `boncukLiked`, `sarikiz`, `sarikizDetails`, `sarikizLiked`, `simental`, `simentalDetails`, `simentalLiked`, `dudu`, `duduDetails`, `pamuk`, `pamukDetails`, `pamukLiked`, `pofuduk`, `pofudukDetails`, `pofudukLiked`, `suslu`, `susluDetails`, `susluLiked`) VALUES
(12, 12, 0, 0, 0, '1527259825', 200, 0, '', 0, '', 0, 0, '', 0, 0, '', 0, 0, '', 0, '', 0, 0, '', 0, 0, '', 0),
(13, 13, 0, 0, 4055.703993055593, '1527353195', 2, 7, '1527344931.0;1527344931.0;1527344931.0;1527344931.0;1527344931.0;1527344931.0;1527344931.0;', 1, '1527344933.0;1527344919.1;', 0, 0, NULL, 0, 11, '1527344934.0;1527344934.0;1527344934.0;1527344934.0;1527344934.0;1527344934.0;1527344934.0;1527344934.0;1527344934.0;1527344934.0;1527344921.1;1527344921.1;1527344921.1;1527344921.1;1527344921.1;1527344921.1;1527344921.1;1527344921.1;1527344921.1;1527344921.1;1527344934.0;1527344921.1;', 0, 44, '1527344930.0;1527344930.0;1527344930.0;1527344930.0;1527344930.0;1527344930.0;1527344930.0;1527344930.0;1527344930.0;1527344930.0;1527344930.0;1527344930.0;1527344930.0;1527344930.0;1527344930.0;1527344930.0;1527344930.0;1527344930.0;1527344930.0;1527344930.0;1527344930.0;1527344930.0;1527344930.0;1527344930.0;1527344930.0;1527344930.0;1527344930.0;1527344930.0;1527344930.0;1527344930.0;1527344930.0;1527344930.0;1527344930.0;1527344930.0;1527344930.0;1527344930.0;1527344930.0;1527344930.0;1527344930.0;1527344930.0;1527344930.0;1527344930.0;1527344930.0;1527344930.0;', 25, '1527344943.0;1527344943.0;1527344943.0;1527344943.0;1527344943.0;1527344943.0;1527344943.0;1527344928.1;1527344928.1;1527344928.1;1527344928.1;1527344928.1;1527344928.1;1527344928.1;1527344943.0;1527344928.1;1527344943.0;1527344943.0;1527344928.1;1527344928.1;1527344972.0;1527344972.0;1527344972.0;1527344972.0;1527344972.0;1527344972.0;1527344972.0;1527344972.0;1527344972.0;1527344972.0;1527344972.0;1527344972.0;1527344972.0;1527344972.0;1527344972.0;1527344972.1;1527344972.1;1527344972.1;1527344972.1;1527344972.1;1527344972.1;1527344972.1;1527344972.1;1527344972.1;1527344972.1;1527344972.1;1527344972.1;1527344972.1;1527344972.1;1527344972.1;', 0, 3, '1527344939.0;1527344939.0;1527344939.0;1527344925.1;1527344925.1;1527344925.1;', 0, 10, '1527344937.0;1527344937.0;1527344937.0;1527344937.0;1527344937.0;1527344937.0;1527344937.0;1527344937.0;1527344937.0;1527344937.0;1527344923.1;1527344923.1;1527344923.1;1527344923.1;1527344923.1;1527344923.1;1527344923.1;1527344923.1;1527344923.1;1527344923.1;', 0),
(14, 14, 608, 993, 75685.03096064819, '1527589042', 7450, 5, '1527369334.0;1527369334.0;1527369334.0;1527369334.0;1527369334.0;', 10, '1527588895.0;1527588895.0;1527588895.0;1527588895.0;1527588895.0;1527588894.1;1527588894.1;1527588894.1;1527588894.1;1527588894.1;1527588934.0;1527588934.0;1527588934.0;1527588934.0;1527588934.0;1527588934.1;1527588934.1;1527588934.1;1527588934.1;1527588934.1;', 0, 7, '1527369341.0;1527369341.0;1527383683.1;1527383683.1;1527369341.0;1527369341.0;1527369341.0;1527369341.0;1527369341.0;1527383683.1;1527383683.1;1527383683.1;1527383683.1;1527383683.1;', 7, 5, '1527369353.0;1527369353.0;1527369353.0;1527369353.0;1527369353.0;1527383682.1;1527383682.1;1527383682.1;1527383682.1;1527383682.1;', 5, 4, '1527369335.0;1527369335.0;1527369335.0;1527369335.0;', 9, '1527369314.0;1527369314.0;1527369314.0;1527369314.0;1527369314.0;1527383677.1;1527383677.1;1527383677.1;1527383677.1;1527383677.1;1527369314.0;1527369314.0;1527369314.0;1527369314.0;1527383677.1;1527383677.1;1527383677.1;1527383677.1;', 9, 14, '1527369347.0;1527369347.0;1527369347.0;1527369347.0;1527383680.1;1527383680.1;1527383680.1;1527383680.1;1527369347.0;1527369347.0;1527369347.0;1527369347.0;1527369347.0;1527383680.1;1527383680.1;1527383680.1;1527383680.1;1527383680.1;1527369347.0;1527369347.0;1527369347.0;1527369347.0;1527369347.0;1527383680.1;1527383680.1;1527383680.1;1527383680.1;1527383680.1;', 14, 5, '1527589042.0;1527589042.0;1527589042.0;1527589042.0;1527589042.0;1527589040.1;1527589040.1;1527589040.1;1527589040.1;1527589040.1;', 0),
(15, 15, 0, 0, 614963.1889467606, '1527588991', 1635, 20, '1527445333.0;1527445333.0;1527445333.0;1527445333.0;1527445333.0;1527445333.0;1527445333.0;1527445333.0;1527445333.0;1527445333.0;1527445333.0;1527445333.0;1527445333.0;1527445333.0;1527445333.0;1527445333.0;1527445333.0;1527445333.0;1527445333.0;1527445333.0;', 2, '1527445338.0;1527445338.0;1527459134.1;1527459134.1;', 2, 4, '1527445340.0;1527459136.1;1527445340.0;1527459136.1;1527445340.0;1527459136.1;1527445340.0;1527459136.1;', 4, 0, '', 0, 45, '1527445342.0;1527445342.0;1527445342.0;1527445342.0;1527445342.0;1527445342.0;1527445342.0;1527445342.0;1527445342.0;1527445342.0;1527445342.0;1527445342.0;1527445342.0;1527445342.0;1527445342.0;1527445342.0;1527445342.0;1527445342.0;1527445342.0;1527445342.0;1527445342.0;1527445342.0;1527445342.0;1527445342.0;1527445342.0;1527445342.0;1527445342.0;1527445342.0;1527445342.0;1527445342.0;1527445342.0;1527445342.0;1527445342.0;1527445342.0;1527445342.0;1527445342.0;1527445342.0;1527445342.0;1527445342.0;1527445342.0;1527445342.0;1527445342.0;1527445342.0;1527445342.0;1527445342.0;', 10, '1527445344.0;1527445344.0;1527445344.0;1527445344.0;1527445344.0;1527459141.1;1527459141.1;1527459141.1;1527459141.1;1527459141.1;1527445344.0;1527445344.0;1527445344.0;1527445344.0;1527445344.0;1527459141.1;1527459141.1;1527459141.1;1527459141.1;1527459141.1;', 10, 5, '1527445348.0;1527459137.1;1527445348.0;1527459137.1;1527445348.0;1527459137.1;1527445348.0;1527459137.1;1527445348.0;1527459137.1;', 5, 0, '', 0),
(16, 16, 0, 0, 30881.965277777555, '1527346460', 1999, 7, '1527345284.0;1527345284.0;1527345284.0;1527345284.0;1527345284.0;1527345284.0;1527345284.0;', 1, '1527345284.0;1527345284.1;', 0, 0, NULL, 0, 0, NULL, 0, 30, '1527345284.0;1527345284.0;1527345284.0;1527345284.0;1527345284.0;1527345284.0;1527345284.0;1527345284.0;1527345284.0;1527345284.0;1527345284.0;1527345284.0;1527345284.0;1527345284.0;1527345284.0;1527345284.0;1527345284.0;1527345284.0;1527345284.0;1527345284.0;1527345284.0;1527345284.0;1527345284.0;1527345284.0;1527345284.0;1527345284.0;1527345284.0;1527345284.0;1527345284.0;1527345284.0;', 7, '1527345284.0;1527345284.0;1527345284.0;1527345284.0;1527345284.0;1527345284.0;1527345284.0;1527345284.1;1527345284.1;1527345284.1;1527345284.1;1527345284.1;1527345284.1;1527345284.1;', 0, 0, NULL, 0, 0, NULL, 0),
(17, 17, 0, 0, 29999.524594907405, '1527345420', 2000, 7, '1527345389.0;1527345389.0;1527345389.0;1527345389.0;1527345389.0;1527345389.0;1527345389.0;', 1, '1527345389.0;1527345389.1;', 0, 0, NULL, 0, 0, NULL, 0, 30, '1527345389.0;1527345389.0;1527345389.0;1527345389.0;1527345389.0;1527345389.0;1527345389.0;1527345389.0;1527345389.0;1527345389.0;1527345389.0;1527345389.0;1527345389.0;1527345389.0;1527345389.0;1527345389.0;1527345389.0;1527345389.0;1527345389.0;1527345389.0;1527345389.0;1527345389.0;1527345389.0;1527345389.0;1527345389.0;1527345389.0;1527345389.0;1527345389.0;1527345389.0;1527345389.0;', 7, '1527345389.0;1527345389.0;1527345389.0;1527345389.0;1527345389.0;1527345389.0;1527345389.0;1527345389.1;1527345389.1;1527345389.1;1527345389.1;1527345389.1;1527345389.1;1527345389.1;', 0, 0, NULL, 0, 0, NULL, 0),
(18, 20, 0, 0, 30000, '1527346222', 2000, 7, '1527346222.0;1527346222.0;1527346222.0;1527346222.0;1527346222.0;1527346222.0;1527346222.0;', 1, '1527346222.0;1527346222.1;', 0, 0, NULL, 0, 0, NULL, 0, 30, '1527346222.0;1527346222.0;1527346222.0;1527346222.0;1527346222.0;1527346222.0;1527346222.0;1527346222.0;1527346222.0;1527346222.0;1527346222.0;1527346222.0;1527346222.0;1527346222.0;1527346222.0;1527346222.0;1527346222.0;1527346222.0;1527346222.0;1527346222.0;1527346222.0;1527346222.0;1527346222.0;1527346222.0;1527346222.0;1527346222.0;1527346222.0;1527346222.0;1527346222.0;1527346222.0;', 7, '1527346222.0;1527346222.0;1527346222.0;1527346222.0;1527346222.0;1527346222.0;1527346222.0;1527346222.1;1527346222.1;1527346222.1;1527346222.1;1527346222.1;1527346222.1;1527346222.1;', 0, 0, NULL, 0, 0, NULL, 0),
(19, 21, 0, 0, 30000, '1527346252', 2000, 7, '1527346252.0;1527346252.0;1527346252.0;1527346252.0;1527346252.0;1527346252.0;1527346252.0;', 1, '1527346252.0;1527346252.1;', 0, 0, NULL, 0, 0, NULL, 0, 30, '1527346252.0;1527346252.0;1527346252.0;1527346252.0;1527346252.0;1527346252.0;1527346252.0;1527346252.0;1527346252.0;1527346252.0;1527346252.0;1527346252.0;1527346252.0;1527346252.0;1527346252.0;1527346252.0;1527346252.0;1527346252.0;1527346252.0;1527346252.0;1527346252.0;1527346252.0;1527346252.0;1527346252.0;1527346252.0;1527346252.0;1527346252.0;1527346252.0;1527346252.0;1527346252.0;', 7, '1527346252.0;1527346252.0;1527346252.0;1527346252.0;1527346252.0;1527346252.0;1527346252.0;1527346252.1;1527346252.1;1527346252.1;1527346252.1;1527346252.1;1527346252.1;1527346252.1;', 0, 0, NULL, 0, 0, NULL, 0),
(20, 22, 0, 0, 29999.953993055555, '1527346309', 2000, 7, '1527346306.0;1527346306.0;1527346306.0;1527346306.0;1527346306.0;1527346306.0;1527346306.0;', 1, '1527346306.0;1527346306.1;', 0, 0, NULL, 0, 0, NULL, 0, 30, '1527346306.0;1527346306.0;1527346306.0;1527346306.0;1527346306.0;1527346306.0;1527346306.0;1527346306.0;1527346306.0;1527346306.0;1527346306.0;1527346306.0;1527346306.0;1527346306.0;1527346306.0;1527346306.0;1527346306.0;1527346306.0;1527346306.0;1527346306.0;1527346306.0;1527346306.0;1527346306.0;1527346306.0;1527346306.0;1527346306.0;1527346306.0;1527346306.0;1527346306.0;1527346306.0;', 7, '1527346306.0;1527346306.0;1527346306.0;1527346306.0;1527346306.0;1527346306.0;1527346306.0;1527346306.1;1527346306.1;1527346306.1;1527346306.1;1527346306.1;1527346306.1;1527346306.1;', 0, 0, NULL, 0, 0, NULL, 0),
(21, 23, 0, 0, 29999.83130787037, '1527346452', 2000, 7, '1527346441.0;1527346441.0;1527346441.0;1527346441.0;1527346441.0;1527346441.0;1527346441.0;', 1, '1527346441.0;1527346441.1;', 0, 0, NULL, 0, 0, NULL, 0, 30, '1527346441.0;1527346441.0;1527346441.0;1527346441.0;1527346441.0;1527346441.0;1527346441.0;1527346441.0;1527346441.0;1527346441.0;1527346441.0;1527346441.0;1527346441.0;1527346441.0;1527346441.0;1527346441.0;1527346441.0;1527346441.0;1527346441.0;1527346441.0;1527346441.0;1527346441.0;1527346441.0;1527346441.0;1527346441.0;1527346441.0;1527346441.0;1527346441.0;1527346441.0;1527346441.0;', 7, '1527346441.0;1527346441.0;1527346441.0;1527346441.0;1527346441.0;1527346441.0;1527346441.0;1527346441.1;1527346441.1;1527346441.1;1527346441.1;1527346441.1;1527346441.1;1527346441.1;', 0, 0, NULL, 0, 0, NULL, 0),
(22, 24, 0, 0, 29999.355902777777, '1527346553', 2000, 7, '1527346511.0;1527346511.0;1527346511.0;1527346511.0;1527346511.0;1527346511.0;1527346511.0;', 1, '1527346511.0;1527346511.1;', 0, 0, NULL, 0, 0, NULL, 0, 30, '1527346511.0;1527346511.0;1527346511.0;1527346511.0;1527346511.0;1527346511.0;1527346511.0;1527346511.0;1527346511.0;1527346511.0;1527346511.0;1527346511.0;1527346511.0;1527346511.0;1527346511.0;1527346511.0;1527346511.0;1527346511.0;1527346511.0;1527346511.0;1527346511.0;1527346511.0;1527346511.0;1527346511.0;1527346511.0;1527346511.0;1527346511.0;1527346511.0;1527346511.0;1527346511.0;', 7, '1527346511.0;1527346511.0;1527346511.0;1527346511.0;1527346511.0;1527346511.0;1527346511.0;1527346511.1;1527346511.1;1527346511.1;1527346511.1;1527346511.1;1527346511.1;1527346511.1;', 0, 0, NULL, 0, 0, NULL, 0),
(23, 25, 0, 0, 27019.792824074044, '1527540863', 2000, 7, '1527346531.0;1527346531.0;1527346531.0;1527346531.0;1527346531.0;1527346531.0;1527346531.0;', 1, '1527346531.0;1527346531.1;', 0, 0, NULL, 0, 0, NULL, 0, 30, '1527346531.0;1527346531.0;1527346531.0;1527346531.0;1527346531.0;1527346531.0;1527346531.0;1527346531.0;1527346531.0;1527346531.0;1527346531.0;1527346531.0;1527346531.0;1527346531.0;1527346531.0;1527346531.0;1527346531.0;1527346531.0;1527346531.0;1527346531.0;1527346531.0;1527346531.0;1527346531.0;1527346531.0;1527346531.0;1527346531.0;1527346531.0;1527346531.0;1527346531.0;1527346531.0;', 7, '1527346531.0;1527346531.0;1527346531.0;1527346531.0;1527346531.0;1527346531.0;1527346531.0;1527346531.1;1527346531.1;1527346531.1;1527346531.1;1527346531.1;1527346531.1;1527346531.1;', 0, 0, NULL, 0, 0, NULL, 0),
(24, 26, 0, 0, 30000, '1527346635', 2000, 7, '1527346635.0;1527346635.0;1527346635.0;1527346635.0;1527346635.0;1527346635.0;1527346635.0;', 1, '1527346635.0;1527346635.1;', 0, 0, NULL, 0, 0, NULL, 0, 30, '1527346635.0;1527346635.0;1527346635.0;1527346635.0;1527346635.0;1527346635.0;1527346635.0;1527346635.0;1527346635.0;1527346635.0;1527346635.0;1527346635.0;1527346635.0;1527346635.0;1527346635.0;1527346635.0;1527346635.0;1527346635.0;1527346635.0;1527346635.0;1527346635.0;1527346635.0;1527346635.0;1527346635.0;1527346635.0;1527346635.0;1527346635.0;1527346635.0;1527346635.0;1527346635.0;', 7, '1527346635.0;1527346635.0;1527346635.0;1527346635.0;1527346635.0;1527346635.0;1527346635.0;1527346635.1;1527346635.1;1527346635.1;1527346635.1;1527346635.1;1527346635.1;1527346635.1;', 0, 0, NULL, 0, 0, NULL, 0),
(25, 27, 0, 0, 30000, '1527346680', 2000, 7, '1527346680.0;1527346680.0;1527346680.0;1527346680.0;1527346680.0;1527346680.0;1527346680.0;', 1, '1527346680.0;1527346680.1;', 0, 0, NULL, 0, 0, NULL, 0, 30, '1527346680.0;1527346680.0;1527346680.0;1527346680.0;1527346680.0;1527346680.0;1527346680.0;1527346680.0;1527346680.0;1527346680.0;1527346680.0;1527346680.0;1527346680.0;1527346680.0;1527346680.0;1527346680.0;1527346680.0;1527346680.0;1527346680.0;1527346680.0;1527346680.0;1527346680.0;1527346680.0;1527346680.0;1527346680.0;1527346680.0;1527346680.0;1527346680.0;1527346680.0;1527346680.0;', 7, '1527346680.0;1527346680.0;1527346680.0;1527346680.0;1527346680.0;1527346680.0;1527346680.0;1527346680.1;1527346680.1;1527346680.1;1527346680.1;1527346680.1;1527346680.1;1527346680.1;', 0, 0, NULL, 0, 0, NULL, 0),
(26, 28, 0, 0, 29999.769965277777, '1527346728', 2000, 7, '1527346713.0;1527346713.0;1527346713.0;1527346713.0;1527346713.0;1527346713.0;1527346713.0;', 1, '1527346713.0;1527346713.1;', 0, 0, NULL, 0, 0, NULL, 0, 30, '1527346713.0;1527346713.0;1527346713.0;1527346713.0;1527346713.0;1527346713.0;1527346713.0;1527346713.0;1527346713.0;1527346713.0;1527346713.0;1527346713.0;1527346713.0;1527346713.0;1527346713.0;1527346713.0;1527346713.0;1527346713.0;1527346713.0;1527346713.0;1527346713.0;1527346713.0;1527346713.0;1527346713.0;1527346713.0;1527346713.0;1527346713.0;1527346713.0;1527346713.0;1527346713.0;', 7, '1527346713.0;1527346713.0;1527346713.0;1527346713.0;1527346713.0;1527346713.0;1527346713.0;1527346713.1;1527346713.1;1527346713.1;1527346713.1;1527346713.1;1527346713.1;1527346713.1;', 0, 0, NULL, 0, 0, NULL, 0),
(27, 29, 0, 0, 29999.98466435185, '1527346775', 2000, 7, '1527346774.0;1527346774.0;1527346774.0;1527346774.0;1527346774.0;1527346774.0;1527346774.0;', 1, '1527346774.0;1527346774.1;', 0, 0, NULL, 0, 0, NULL, 0, 30, '1527346774.0;1527346774.0;1527346774.0;1527346774.0;1527346774.0;1527346774.0;1527346774.0;1527346774.0;1527346774.0;1527346774.0;1527346774.0;1527346774.0;1527346774.0;1527346774.0;1527346774.0;1527346774.0;1527346774.0;1527346774.0;1527346774.0;1527346774.0;1527346774.0;1527346774.0;1527346774.0;1527346774.0;1527346774.0;1527346774.0;1527346774.0;1527346774.0;1527346774.0;1527346774.0;', 7, '1527346774.0;1527346774.0;1527346774.0;1527346774.0;1527346774.0;1527346774.0;1527346774.0;1527346774.1;1527346774.1;1527346774.1;1527346774.1;1527346774.1;1527346774.1;1527346774.1;', 0, 0, NULL, 0, 0, NULL, 0),
(28, 30, 0, 0, 29999.969328703704, '1527346782', 2000, 7, '1527346780.0;1527346780.0;1527346780.0;1527346780.0;1527346780.0;1527346780.0;1527346780.0;', 1, '1527346780.0;1527346780.1;', 0, 0, NULL, 0, 0, NULL, 0, 30, '1527346780.0;1527346780.0;1527346780.0;1527346780.0;1527346780.0;1527346780.0;1527346780.0;1527346780.0;1527346780.0;1527346780.0;1527346780.0;1527346780.0;1527346780.0;1527346780.0;1527346780.0;1527346780.0;1527346780.0;1527346780.0;1527346780.0;1527346780.0;1527346780.0;1527346780.0;1527346780.0;1527346780.0;1527346780.0;1527346780.0;1527346780.0;1527346780.0;1527346780.0;1527346780.0;', 7, '1527346780.0;1527346780.0;1527346780.0;1527346780.0;1527346780.0;1527346780.0;1527346780.0;1527346780.1;1527346780.1;1527346780.1;1527346780.1;1527346780.1;1527346780.1;1527346780.1;', 0, 0, NULL, 0, 0, NULL, 0),
(29, 31, 0, 0, 29995.475983796292, '1527347140', 2000, 7, '1527346845.0;1527346845.0;1527346845.0;1527346845.0;1527346845.0;1527346845.0;1527346845.0;', 1, '1527346845.0;1527346845.1;', 0, 0, NULL, 0, 0, NULL, 0, 30, '1527346845.0;1527346845.0;1527346845.0;1527346845.0;1527346845.0;1527346845.0;1527346845.0;1527346845.0;1527346845.0;1527346845.0;1527346845.0;1527346845.0;1527346845.0;1527346845.0;1527346845.0;1527346845.0;1527346845.0;1527346845.0;1527346845.0;1527346845.0;1527346845.0;1527346845.0;1527346845.0;1527346845.0;1527346845.0;1527346845.0;1527346845.0;1527346845.0;1527346845.0;1527346845.0;', 7, '1527346845.0;1527346845.0;1527346845.0;1527346845.0;1527346845.0;1527346845.0;1527346845.0;1527346845.1;1527346845.1;1527346845.1;1527346845.1;1527346845.1;1527346845.1;1527346845.1;', 0, 0, NULL, 0, 0, NULL, 0),
(30, 32, 0, 0, 29999.800636574073, '1527346914', 2000, 7, '1527346901.0;1527346901.0;1527346901.0;1527346901.0;1527346901.0;1527346901.0;1527346901.0;', 1, '1527346901.0;1527346901.1;', 0, 0, NULL, 0, 0, NULL, 0, 30, '1527346901.0;1527346901.0;1527346901.0;1527346901.0;1527346901.0;1527346901.0;1527346901.0;1527346901.0;1527346901.0;1527346901.0;1527346901.0;1527346901.0;1527346901.0;1527346901.0;1527346901.0;1527346901.0;1527346901.0;1527346901.0;1527346901.0;1527346901.0;1527346901.0;1527346901.0;1527346901.0;1527346901.0;1527346901.0;1527346901.0;1527346901.0;1527346901.0;1527346901.0;1527346901.0;', 7, '1527346901.0;1527346901.0;1527346901.0;1527346901.0;1527346901.0;1527346901.0;1527346901.0;1527346901.1;1527346901.1;1527346901.1;1527346901.1;1527346901.1;1527346901.1;1527346901.1;', 0, 0, NULL, 0, 0, NULL, 0),
(31, 34, 0, 0, 0, '0', 0, 0, '', 0, NULL, 0, 0, NULL, 0, 0, NULL, 0, 0, '', 0, NULL, 0, 0, NULL, 0, 0, NULL, 0),
(32, 35, 0, 0, 0, '0', 0, 0, '', 0, NULL, 0, 0, NULL, 0, 0, NULL, 0, 0, '', 0, NULL, 0, 0, NULL, 0, 0, NULL, 0),
(33, 36, 0, 0, 0, '0', 0, 0, '', 0, NULL, 0, 0, NULL, 0, 0, NULL, 0, 0, '', 0, NULL, 0, 0, NULL, 0, 0, NULL, 0),
(34, 37, 0, 0, 0, '0', 0, 0, '', 0, NULL, 0, 0, NULL, 0, 0, NULL, 0, 0, '', 0, NULL, 0, 0, NULL, 0, 0, NULL, 0),
(35, 38, 0, 0, 0, '0', 0, 0, '', 0, NULL, 0, 0, NULL, 0, 0, NULL, 0, 0, '', 0, NULL, 0, 0, NULL, 0, 0, NULL, 0),
(36, 39, 0, 0, 0, '0', 0, 0, '', 0, NULL, 0, 0, NULL, 0, 0, NULL, 0, 0, '', 0, NULL, 0, 0, NULL, 0, 0, NULL, 0),
(37, 40, 0, 0, 0, '0', 0, 0, '', 0, NULL, 0, 0, NULL, 0, 0, NULL, 0, 0, '', 0, NULL, 0, 0, NULL, 0, 0, NULL, 0),
(38, 41, 0, 0, 0, '0', 0, 0, '', 0, NULL, 0, 0, NULL, 0, 0, NULL, 0, 0, '', 0, NULL, 0, 0, NULL, 0, 0, NULL, 0),
(39, 42, 0, 0, 0, '0', 0, 0, '', 0, NULL, 0, 0, NULL, 0, 0, NULL, 0, 0, '', 0, NULL, 0, 0, NULL, 0, 0, NULL, 0),
(40, 43, 0, 0, 0, '0', 0, 0, '', 0, NULL, 0, 0, NULL, 0, 0, NULL, 0, 0, '', 0, NULL, 0, 0, NULL, 0, 0, NULL, 0),
(41, 44, 0, 0, 0, '0', 0, 0, '', 0, NULL, 0, 0, NULL, 0, 0, NULL, 0, 0, '', 0, NULL, 0, 0, NULL, 0, 0, NULL, 0),
(42, 45, 0, 0, 0, '0', 0, 0, '', 0, NULL, 0, 0, NULL, 0, 0, NULL, 0, 0, '', 0, NULL, 0, 0, NULL, 0, 0, NULL, 0),
(43, 46, 0, 0, 0, '0', 0, 0, '', 0, NULL, 0, 0, NULL, 0, 0, NULL, 0, 0, '', 0, NULL, 0, 0, NULL, 0, 0, NULL, 0),
(44, 47, 0, 0, 0, '0', 0, 0, '', 0, NULL, 0, 0, NULL, 0, 0, NULL, 0, 0, '', 0, NULL, 0, 0, NULL, 0, 0, NULL, 0),
(45, 48, 0, 0, 0, '0', 0, 0, '', 0, NULL, 0, 0, NULL, 0, 0, NULL, 0, 0, '', 0, NULL, 0, 0, NULL, 0, 0, NULL, 0),
(46, 49, 0, 0, 0, '0', 0, 0, '', 0, NULL, 0, 0, NULL, 0, 0, NULL, 0, 0, '', 0, NULL, 0, 0, NULL, 0, 0, NULL, 0),
(47, 50, 0, 0, 0, '0', 0, 0, '', 0, NULL, 0, 0, NULL, 0, 0, NULL, 0, 0, '', 0, NULL, 0, 0, NULL, 0, 0, NULL, 0),
(48, 51, 0, 0, 0, '0', 0, 0, '', 0, NULL, 0, 0, NULL, 0, 0, NULL, 0, 0, '', 0, NULL, 0, 0, NULL, 0, 0, NULL, 0),
(49, 52, 0, 0, 0, '0', 0, 0, '', 0, NULL, 0, 0, NULL, 0, 0, NULL, 0, 0, '', 0, NULL, 0, 0, NULL, 0, 0, NULL, 0),
(50, 53, 0, 0, 0, '0', 0, 0, '', 0, NULL, 0, 0, NULL, 0, 0, NULL, 0, 0, '', 0, NULL, 0, 0, NULL, 0, 0, NULL, 0),
(51, 54, 0, 0, 0, '0', 0, 0, '', 0, NULL, 0, 0, NULL, 0, 0, NULL, 0, 0, '', 0, NULL, 0, 0, NULL, 0, 0, NULL, 0),
(52, 55, 0, 0, 0, '0', 0, 0, '', 0, NULL, 0, 0, NULL, 0, 0, NULL, 0, 0, '', 0, NULL, 0, 0, NULL, 0, 0, NULL, 0),
(53, 56, 0, 0, 0, '0', 0, 0, '', 0, NULL, 0, 0, NULL, 0, 0, NULL, 0, 0, '', 0, NULL, 0, 0, NULL, 0, 0, NULL, 0),
(54, 57, 0, 0, 0, '0', 0, 0, '', 0, NULL, 0, 0, NULL, 0, 0, NULL, 0, 0, '', 0, NULL, 0, 0, NULL, 0, 0, NULL, 0),
(55, 58, 0, 0, 0, '0', 0, 0, '', 0, NULL, 0, 0, NULL, 0, 0, NULL, 0, 0, '', 0, NULL, 0, 0, NULL, 0, 0, NULL, 0),
(56, 59, 0, 0, 0, '0', 0, 0, '', 0, NULL, 0, 0, NULL, 0, 0, NULL, 0, 0, '', 0, NULL, 0, 0, NULL, 0, 0, NULL, 0),
(57, 60, 0, 0, 0, '0', 0, 0, '', 0, NULL, 0, 0, NULL, 0, 0, NULL, 0, 0, '', 0, NULL, 0, 0, NULL, 0, 0, NULL, 0),
(58, 61, 0, 0, 0, '0', 0, 0, '', 0, NULL, 0, 0, NULL, 0, 0, NULL, 0, 0, '', 0, NULL, 0, 0, NULL, 0, 0, NULL, 0),
(59, 62, 0, 0, 0, '0', 0, 0, '', 0, NULL, 0, 0, NULL, 0, 0, NULL, 0, 0, '', 0, NULL, 0, 0, NULL, 0, 0, NULL, 0),
(60, 63, 0, 0, 0, '0', 0, 0, '', 0, NULL, 0, 0, NULL, 0, 0, NULL, 0, 0, '', 0, NULL, 0, 0, NULL, 0, 0, NULL, 0),
(61, 64, 0, 0, 0, '0', 0, 0, '', 0, NULL, 0, 0, NULL, 0, 0, NULL, 0, 0, '', 0, NULL, 0, 0, NULL, 0, 0, NULL, 0),
(62, 65, 0, 0, 0, '0', 0, 0, '', 0, NULL, 0, 0, NULL, 0, 0, NULL, 0, 0, '', 0, NULL, 0, 0, NULL, 0, 0, NULL, 0),
(63, 66, 0, 0, 0, '0', 0, 0, '', 0, NULL, 0, 0, NULL, 0, 0, NULL, 0, 0, '', 0, NULL, 0, 0, NULL, 0, 0, NULL, 0),
(64, 67, 0, 0, 0, '0', 0, 0, '', 0, NULL, 0, 0, NULL, 0, 0, NULL, 0, 0, '', 0, NULL, 0, 0, NULL, 0, 0, NULL, 0),
(65, 68, 0, 0, 0, '0', 0, 0, '', 0, NULL, 0, 0, NULL, 0, 0, NULL, 0, 0, '', 0, NULL, 0, 0, NULL, 0, 0, NULL, 0),
(66, 69, 0, 0, 0, '0', 0, 0, '', 0, NULL, 0, 0, NULL, 0, 0, NULL, 0, 0, '', 0, NULL, 0, 0, NULL, 0, 0, NULL, 0),
(67, 70, 0, 0, 0, '0', 0, 0, '', 0, NULL, 0, 0, NULL, 0, 0, NULL, 0, 0, '', 0, NULL, 0, 0, NULL, 0, 0, NULL, 0),
(68, 71, 0, 0, 0, '0', 0, 0, '', 0, NULL, 0, 0, NULL, 0, 0, NULL, 0, 0, '', 0, NULL, 0, 0, NULL, 0, 0, NULL, 0),
(69, 72, 0, 0, 0, '0', 0, 0, '', 0, NULL, 0, 0, NULL, 0, 0, NULL, 0, 0, '', 0, NULL, 0, 0, NULL, 0, 0, NULL, 0),
(70, 73, 0, 0, 0, '0', 0, 0, '', 0, NULL, 0, 0, NULL, 0, 0, NULL, 0, 0, '', 0, NULL, 0, 0, NULL, 0, 0, NULL, 0),
(71, 74, 0, 0, 0, '0', 0, 0, '', 0, NULL, 0, 0, NULL, 0, 0, NULL, 0, 0, '', 0, NULL, 0, 0, NULL, 0, 0, NULL, 0),
(72, 75, 0, 0, 0, '0', 0, 0, '', 0, NULL, 0, 0, NULL, 0, 0, NULL, 0, 0, '', 0, NULL, 0, 0, NULL, 0, 0, NULL, 0),
(73, 76, 0, 0, 0, '0', 0, 0, '', 0, NULL, 0, 0, NULL, 0, 0, NULL, 0, 0, '', 0, NULL, 0, 0, NULL, 0, 0, NULL, 0),
(74, 77, 0, 0, 0, '0', 0, 0, '', 0, NULL, 0, 0, NULL, 0, 0, NULL, 0, 0, '', 0, NULL, 0, 0, NULL, 0, 0, NULL, 0),
(75, 78, 0, 0, 0, '0', 0, 0, '', 0, NULL, 0, 0, NULL, 0, 0, NULL, 0, 0, '', 0, NULL, 0, 0, NULL, 0, 0, NULL, 0),
(76, 79, 0, 0, 0, '0', 0, 0, '', 0, NULL, 0, 0, NULL, 0, 0, NULL, 0, 0, '', 0, NULL, 0, 0, NULL, 0, 0, NULL, 0),
(77, 80, 0, 0, 0, '0', 0, 0, '', 0, NULL, 0, 0, NULL, 0, 0, NULL, 0, 0, '', 0, NULL, 0, 0, NULL, 0, 0, NULL, 0),
(78, 81, 0, 0, 0, '0', 0, 0, '', 0, NULL, 0, 0, NULL, 0, 0, NULL, 0, 0, '', 0, NULL, 0, 0, NULL, 0, 0, NULL, 0),
(79, 82, 0, 0, 0, '0', 0, 0, '', 0, NULL, 0, 0, NULL, 0, 0, NULL, 0, 0, '', 0, NULL, 0, 0, NULL, 0, 0, NULL, 0),
(80, 83, 0, 0, 0, '0', 0, 0, '', 0, NULL, 0, 0, NULL, 0, 0, NULL, 0, 0, '', 0, NULL, 0, 0, NULL, 0, 0, NULL, 0),
(81, 84, 0, 0, 0, '0', 0, 0, '', 0, NULL, 0, 0, NULL, 0, 0, NULL, 0, 0, '', 0, NULL, 0, 0, NULL, 0, 0, NULL, 0),
(82, 85, 0, 0, 0, '0', 0, 0, '', 0, NULL, 0, 0, NULL, 0, 0, NULL, 0, 0, '', 0, NULL, 0, 0, NULL, 0, 0, NULL, 0),
(83, 86, 0, 0, 0, '0', 0, 0, '', 0, NULL, 0, 0, NULL, 0, 0, NULL, 0, 0, '', 0, NULL, 0, 0, NULL, 0, 0, NULL, 0),
(84, 87, 0, 0, 0, '0', 0, 0, '', 0, NULL, 0, 0, NULL, 0, 0, NULL, 0, 0, '', 0, NULL, 0, 0, NULL, 0, 0, NULL, 0),
(85, 88, 0, 0, 0, '0', 0, 0, '', 0, NULL, 0, 0, NULL, 0, 0, NULL, 0, 0, '', 0, NULL, 0, 0, NULL, 0, 0, NULL, 0),
(86, 89, 0, 0, 0, '0', 0, 0, '', 0, NULL, 0, 0, NULL, 0, 0, NULL, 0, 0, '', 0, NULL, 0, 0, NULL, 0, 0, NULL, 0),
(87, 90, 0, 0, 0, '0', 0, 0, '', 0, NULL, 0, 0, NULL, 0, 0, NULL, 0, 0, '', 0, NULL, 0, 0, NULL, 0, 0, NULL, 0),
(88, 91, 0, 0, 0, '0', 0, 0, '', 0, NULL, 0, 0, NULL, 0, 0, NULL, 0, 0, '', 0, NULL, 0, 0, NULL, 0, 0, NULL, 0),
(89, 92, 0, 0, 0, '0', 0, 0, '', 0, NULL, 0, 0, NULL, 0, 0, NULL, 0, 0, '', 0, NULL, 0, 0, NULL, 0, 0, NULL, 0),
(90, 93, 0, 0, 0, '0', 0, 0, '', 0, NULL, 0, 0, NULL, 0, 0, NULL, 0, 0, '', 0, NULL, 0, 0, NULL, 0, 0, NULL, 0),
(91, 94, 0, 0, 0, '0', 0, 0, '', 0, NULL, 0, 0, NULL, 0, 0, NULL, 0, 0, '', 0, NULL, 0, 0, NULL, 0, 0, NULL, 0),
(92, 95, 0, 0, 0, '0', 0, 0, '', 0, NULL, 0, 0, NULL, 0, 0, NULL, 0, 0, '', 0, NULL, 0, 0, NULL, 0, 0, NULL, 0),
(93, 96, 0, 0, 0, '0', 0, 0, '', 0, NULL, 0, 0, NULL, 0, 0, NULL, 0, 0, '', 0, NULL, 0, 0, NULL, 0, 0, NULL, 0),
(94, 97, 0, 0, 0, '0', 0, 0, '', 0, NULL, 0, 0, NULL, 0, 0, NULL, 0, 0, '', 0, NULL, 0, 0, NULL, 0, 0, NULL, 0),
(95, 98, 0, 0, 0, '0', 0, 0, '', 0, NULL, 0, 0, NULL, 0, 0, NULL, 0, 0, '', 0, NULL, 0, 0, NULL, 0, 0, NULL, 0),
(96, 99, 0, 0, 0, '0', 0, 0, '', 0, NULL, 0, 0, NULL, 0, 0, NULL, 0, 0, '', 0, NULL, 0, 0, NULL, 0, 0, NULL, 0),
(97, 100, 0, 0, 0, '0', 0, 0, '', 0, NULL, 0, 0, NULL, 0, 0, NULL, 0, 0, '', 0, NULL, 0, 0, NULL, 0, 0, NULL, 0),
(98, 101, 0, 0, 0, '0', 0, 0, '', 0, NULL, 0, 0, NULL, 0, 0, NULL, 0, 0, '', 0, NULL, 0, 0, NULL, 0, 0, NULL, 0),
(99, 102, 0, 0, 0, '0', 0, 0, '', 0, NULL, 0, 0, NULL, 0, 0, NULL, 0, 0, '', 0, NULL, 0, 0, NULL, 0, 0, NULL, 0),
(100, 103, 0, 0, 0, '0', 0, 0, '', 0, NULL, 0, 0, NULL, 0, 0, NULL, 0, 0, '', 0, NULL, 0, 0, NULL, 0, 0, NULL, 0),
(101, 104, 0, 0, 0, '0', 0, 0, '', 0, NULL, 0, 0, NULL, 0, 0, NULL, 0, 0, '', 0, NULL, 0, 0, NULL, 0, 0, NULL, 0),
(102, 105, 0, 0, 0, '0', 0, 0, '', 0, NULL, 0, 0, NULL, 0, 0, NULL, 0, 0, '', 0, NULL, 0, 0, NULL, 0, 0, NULL, 0),
(103, 106, 0, 0, 0, '0', 0, 0, '', 0, NULL, 0, 0, NULL, 0, 0, NULL, 0, 0, '', 0, NULL, 0, 0, NULL, 0, 0, NULL, 0),
(104, 107, 0, 0, 0, '0', 0, 0, '', 0, NULL, 0, 0, NULL, 0, 0, NULL, 0, 0, '', 0, NULL, 0, 0, NULL, 0, 0, NULL, 0),
(105, 108, 0, 0, 0, '0', 0, 0, '', 0, NULL, 0, 0, NULL, 0, 0, NULL, 0, 0, '', 0, NULL, 0, 0, NULL, 0, 0, NULL, 0),
(106, 109, 0, 0, 0, '0', 0, 0, '', 0, NULL, 0, 0, NULL, 0, 0, NULL, 0, 0, '', 0, NULL, 0, 0, NULL, 0, 0, NULL, 0),
(107, 110, 0, 0, 0, '0', 0, 0, '', 0, NULL, 0, 0, NULL, 0, 0, NULL, 0, 0, '', 0, NULL, 0, 0, NULL, 0, 0, NULL, 0),
(108, 111, 0, 0, 0, '0', 0, 0, '', 0, NULL, 0, 0, NULL, 0, 0, NULL, 0, 0, '', 0, NULL, 0, 0, NULL, 0, 0, NULL, 0),
(109, 112, 0, 0, 0, '0', 0, 0, '', 0, NULL, 0, 0, NULL, 0, 0, NULL, 0, 0, '', 0, NULL, 0, 0, NULL, 0, 0, NULL, 0),
(110, 113, 0, 0, 0, '0', 0, 0, '', 0, NULL, 0, 0, NULL, 0, 0, NULL, 0, 0, '', 0, NULL, 0, 0, NULL, 0, 0, NULL, 0),
(111, 114, 0, 0, 0, '0', 0, 0, '', 0, NULL, 0, 0, NULL, 0, 0, NULL, 0, 0, '', 0, NULL, 0, 0, NULL, 0, 0, NULL, 0),
(112, 115, 0, 0, 0, '0', 0, 0, '', 0, NULL, 0, 0, NULL, 0, 0, NULL, 0, 0, '', 0, NULL, 0, 0, NULL, 0, 0, NULL, 0),
(113, 116, 0, 0, 0, '0', 0, 0, '', 0, NULL, 0, 0, NULL, 0, 0, NULL, 0, 0, '', 0, NULL, 0, 0, NULL, 0, 0, NULL, 0),
(114, 117, 0, 0, 0, '0', 0, 0, '', 0, NULL, 0, 0, NULL, 0, 0, NULL, 0, 0, '', 0, NULL, 0, 0, NULL, 0, 0, NULL, 0),
(115, 118, 0, 0, 0, '0', 0, 0, '', 0, NULL, 0, 0, NULL, 0, 0, NULL, 0, 0, '', 0, NULL, 0, 0, NULL, 0, 0, NULL, 0),
(116, 119, 0, 0, 0, '0', 0, 0, '', 0, NULL, 0, 0, NULL, 0, 0, NULL, 0, 0, '', 0, NULL, 0, 0, NULL, 0, 0, NULL, 0),
(117, 120, 0, 0, 0, '0', 0, 0, '', 0, NULL, 0, 0, NULL, 0, 0, NULL, 0, 0, '', 0, NULL, 0, 0, NULL, 0, 0, NULL, 0),
(118, 121, 0, 0, 0, '0', 0, 0, '', 0, NULL, 0, 0, NULL, 0, 0, NULL, 0, 0, '', 0, NULL, 0, 0, NULL, 0, 0, NULL, 0),
(119, 122, 0, 0, 0, '0', 0, 0, '', 0, NULL, 0, 0, NULL, 0, 0, NULL, 0, 0, '', 0, NULL, 0, 0, NULL, 0, 0, NULL, 0),
(120, 123, 0, 0, 0, '0', 0, 0, '', 0, NULL, 0, 0, NULL, 0, 0, NULL, 0, 0, '', 0, NULL, 0, 0, NULL, 0, 0, NULL, 0),
(121, 124, 0, 0, 0, '0', 0, 0, '', 0, NULL, 0, 0, NULL, 0, 0, NULL, 0, 0, '', 0, NULL, 0, 0, NULL, 0, 0, NULL, 0),
(122, 125, 0, 0, 0, '0', 0, 0, '', 0, NULL, 0, 0, NULL, 0, 0, NULL, 0, 0, '', 0, NULL, 0, 0, NULL, 0, 0, NULL, 0),
(123, 126, 0, 0, 0, '0', 0, 0, '', 0, NULL, 0, 0, NULL, 0, 0, NULL, 0, 0, '', 0, NULL, 0, 0, NULL, 0, 0, NULL, 0),
(124, 127, 0, 0, 0, '0', 0, 0, '', 0, NULL, 0, 0, NULL, 0, 0, NULL, 0, 0, '', 0, NULL, 0, 0, NULL, 0, 0, NULL, 0),
(125, 128, 0, 0, 0, '0', 0, 0, '', 0, NULL, 0, 0, NULL, 0, 0, NULL, 0, 0, '', 0, NULL, 0, 0, NULL, 0, 0, NULL, 0),
(126, 129, 0, 0, 0, '0', 0, 0, '', 0, NULL, 0, 0, NULL, 0, 0, NULL, 0, 0, '', 0, NULL, 0, 0, NULL, 0, 0, NULL, 0),
(127, 130, 0, 0, 0, '0', 0, 0, '', 0, NULL, 0, 0, NULL, 0, 0, NULL, 0, 0, '', 0, NULL, 0, 0, NULL, 0, 0, NULL, 0),
(128, 131, 0, 0, 0, '0', 0, 0, '', 0, NULL, 0, 0, NULL, 0, 0, NULL, 0, 0, '', 0, NULL, 0, 0, NULL, 0, 0, NULL, 0),
(129, 132, 0, 0, 0, '0', 0, 0, '', 0, NULL, 0, 0, NULL, 0, 0, NULL, 0, 0, '', 0, NULL, 0, 0, NULL, 0, 0, NULL, 0),
(130, 133, 0, 0, 0, '0', 0, 0, '', 0, NULL, 0, 0, NULL, 0, 0, NULL, 0, 0, '', 0, NULL, 0, 0, NULL, 0, 0, NULL, 0),
(131, 134, 0, 0, 0, '0', 0, 0, '', 0, NULL, 0, 0, NULL, 0, 0, NULL, 0, 0, '', 0, NULL, 0, 0, NULL, 0, 0, NULL, 0),
(132, 135, 0, 0, 0, '0', 0, 0, '', 0, NULL, 0, 0, NULL, 0, 0, NULL, 0, 0, '', 0, NULL, 0, 0, NULL, 0, 0, NULL, 0),
(133, 136, 0, 0, 0, '0', 0, 0, '', 0, NULL, 0, 0, NULL, 0, 0, NULL, 0, 0, '', 0, NULL, 0, 0, NULL, 0, 0, NULL, 0),
(134, 137, 0, 0, 0, '0', 0, 0, '', 0, NULL, 0, 0, NULL, 0, 0, NULL, 0, 0, '', 0, NULL, 0, 0, NULL, 0, 0, NULL, 0),
(135, 138, 0, 0, 0, '0', 0, 0, '', 0, NULL, 0, 0, NULL, 0, 0, NULL, 0, 0, '', 0, NULL, 0, 0, NULL, 0, 0, NULL, 0),
(136, 139, 0, 0, 0, '0', 0, 0, '', 0, NULL, 0, 0, NULL, 0, 0, NULL, 0, 0, '', 0, NULL, 0, 0, NULL, 0, 0, NULL, 0),
(137, 140, 0, 0, 0, '0', 0, 0, '', 0, NULL, 0, 0, NULL, 0, 0, NULL, 0, 0, '', 0, NULL, 0, 0, NULL, 0, 0, NULL, 0),
(138, 141, 0, 0, 0, '0', 0, 0, '', 0, NULL, 0, 0, NULL, 0, 0, NULL, 0, 0, '', 0, NULL, 0, 0, NULL, 0, 0, NULL, 0),
(139, 142, 0, 0, 0, '0', 0, 0, '', 0, NULL, 0, 0, NULL, 0, 0, NULL, 0, 0, '', 0, NULL, 0, 0, NULL, 0, 0, NULL, 0),
(140, 143, 0, 0, 0, '0', 0, 0, '', 0, NULL, 0, 0, NULL, 0, 0, NULL, 0, 0, '', 0, NULL, 0, 0, NULL, 0, 0, NULL, 0),
(141, 144, 0, 0, 0, '0', 0, 0, '', 0, NULL, 0, 0, NULL, 0, 0, NULL, 0, 0, '', 0, NULL, 0, 0, NULL, 0, 0, NULL, 0),
(142, 145, 0, 0, 0, '0', 0, 0, '', 0, NULL, 0, 0, NULL, 0, 0, NULL, 0, 0, '', 0, NULL, 0, 0, NULL, 0, 0, NULL, 0),
(143, 146, 0, 0, 0, '0', 0, 0, '', 0, NULL, 0, 0, NULL, 0, 0, NULL, 0, 0, '', 0, NULL, 0, 0, NULL, 0, 0, NULL, 0),
(144, 147, 0, 0, 0, '0', 0, 0, '', 0, NULL, 0, 0, NULL, 0, 0, NULL, 0, 0, '', 0, NULL, 0, 0, NULL, 0, 0, NULL, 0),
(145, 148, 0, 0, 0, '0', 0, 0, '', 0, NULL, 0, 0, NULL, 0, 0, NULL, 0, 0, '', 0, NULL, 0, 0, NULL, 0, 0, NULL, 0),
(146, 149, 0, 0, 0, '0', 0, 0, '', 0, NULL, 0, 0, NULL, 0, 0, NULL, 0, 0, '', 0, NULL, 0, 0, NULL, 0, 0, NULL, 0),
(147, 150, 0, 0, 0, '0', 0, 0, '', 0, NULL, 0, 0, NULL, 0, 0, NULL, 0, 0, '', 0, NULL, 0, 0, NULL, 0, 0, NULL, 0),
(148, 151, 0, 0, 0, '0', 0, 0, '', 0, NULL, 0, 0, NULL, 0, 0, NULL, 0, 0, '', 0, NULL, 0, 0, NULL, 0, 0, NULL, 0),
(149, 152, 0, 0, 0, '0', 0, 0, '', 0, NULL, 0, 0, NULL, 0, 0, NULL, 0, 0, '', 0, NULL, 0, 0, NULL, 0, 0, NULL, 0),
(150, 153, 0, 0, 0, '0', 0, 0, '', 0, NULL, 0, 0, NULL, 0, 0, NULL, 0, 0, '', 0, NULL, 0, 0, NULL, 0, 0, NULL, 0),
(151, 154, 0, 0, 0, '0', 0, 0, '', 0, NULL, 0, 0, NULL, 0, 0, NULL, 0, 0, '', 0, NULL, 0, 0, NULL, 0, 0, NULL, 0),
(152, 155, 0, 0, 0, '0', 0, 0, '', 0, NULL, 0, 0, NULL, 0, 0, NULL, 0, 0, '', 0, NULL, 0, 0, NULL, 0, 0, NULL, 0),
(153, 156, 0, 0, 0, '0', 0, 0, '', 0, NULL, 0, 0, NULL, 0, 0, NULL, 0, 0, '', 0, NULL, 0, 0, NULL, 0, 0, NULL, 0),
(154, 157, 0, 0, 0, '0', 0, 0, '', 0, NULL, 0, 0, NULL, 0, 0, NULL, 0, 0, '', 0, NULL, 0, 0, NULL, 0, 0, NULL, 0),
(155, 158, 0, 0, 0, '0', 0, 0, '', 0, NULL, 0, 0, NULL, 0, 0, NULL, 0, 0, '', 0, NULL, 0, 0, NULL, 0, 0, NULL, 0),
(156, 159, 0, 0, 0, '0', 0, 0, '', 0, NULL, 0, 0, NULL, 0, 0, NULL, 0, 0, '', 0, NULL, 0, 0, NULL, 0, 0, NULL, 0),
(157, 160, 0, 0, 0, '0', 0, 0, '', 0, NULL, 0, 0, NULL, 0, 0, NULL, 0, 0, '', 0, NULL, 0, 0, NULL, 0, 0, NULL, 0),
(158, 161, 0, 0, 0, '0', 0, 0, '', 0, NULL, 0, 0, NULL, 0, 0, NULL, 0, 0, '', 0, NULL, 0, 0, NULL, 0, 0, NULL, 0),
(159, 162, 0, 0, 0, '0', 0, 0, '', 0, NULL, 0, 0, NULL, 0, 0, NULL, 0, 0, '', 0, NULL, 0, 0, NULL, 0, 0, NULL, 0),
(160, 163, 0, 0, 0, '0', 0, 0, '', 0, NULL, 0, 0, NULL, 0, 0, NULL, 0, 0, '', 0, NULL, 0, 0, NULL, 0, 0, NULL, 0),
(161, 164, 0, 0, 0, '0', 0, 0, '', 0, NULL, 0, 0, NULL, 0, 0, NULL, 0, 0, '', 0, NULL, 0, 0, NULL, 0, 0, NULL, 0),
(162, 165, 0, 0, 0, '0', 0, 0, '', 0, NULL, 0, 0, NULL, 0, 0, NULL, 0, 0, '', 0, NULL, 0, 0, NULL, 0, 0, NULL, 0),
(163, 166, 0, 0, 0, '0', 0, 0, '', 0, NULL, 0, 0, NULL, 0, 0, NULL, 0, 0, '', 0, NULL, 0, 0, NULL, 0, 0, NULL, 0),
(164, 167, 0, 0, 0, '0', 0, 0, '', 0, NULL, 0, 0, NULL, 0, 0, NULL, 0, 0, '', 0, NULL, 0, 0, NULL, 0, 0, NULL, 0),
(165, 168, 0, 0, 0, '0', 0, 0, '', 0, NULL, 0, 0, NULL, 0, 0, NULL, 0, 0, '', 0, NULL, 0, 0, NULL, 0, 0, NULL, 0),
(166, 169, 0, 0, 0, '0', 0, 0, '', 0, NULL, 0, 0, NULL, 0, 0, NULL, 0, 0, '', 0, NULL, 0, 0, NULL, 0, 0, NULL, 0),
(167, 170, 0, 0, 0, '0', 0, 0, '', 0, NULL, 0, 0, NULL, 0, 0, NULL, 0, 0, '', 0, NULL, 0, 0, NULL, 0, 0, NULL, 0),
(168, 171, 0, 0, 0, '0', 0, 0, '', 0, NULL, 0, 0, NULL, 0, 0, NULL, 0, 0, '', 0, NULL, 0, 0, NULL, 0, 0, NULL, 0),
(169, 172, 0, 0, 0, '0', 0, 0, '', 0, NULL, 0, 0, NULL, 0, 0, NULL, 0, 0, '', 0, NULL, 0, 0, NULL, 0, 0, NULL, 0),
(170, 173, 0, 0, 0, '0', 0, 0, '', 0, NULL, 0, 0, NULL, 0, 0, NULL, 0, 0, '', 0, NULL, 0, 0, NULL, 0, 0, NULL, 0),
(171, 174, 0, 0, 0, '0', 0, 0, '', 0, NULL, 0, 0, NULL, 0, 0, NULL, 0, 0, '', 0, NULL, 0, 0, NULL, 0, 0, NULL, 0),
(172, 175, 0, 0, 0, '0', 0, 0, '', 0, NULL, 0, 0, NULL, 0, 0, NULL, 0, 0, '', 0, NULL, 0, 0, NULL, 0, 0, NULL, 0),
(173, 176, 0, 0, 0, '0', 0, 0, '', 0, NULL, 0, 0, NULL, 0, 0, NULL, 0, 0, '', 0, NULL, 0, 0, NULL, 0, 0, NULL, 0),
(174, 177, 0, 0, 0, '0', 0, 0, '', 0, NULL, 0, 0, NULL, 0, 0, NULL, 0, 0, '', 0, NULL, 0, 0, NULL, 0, 0, NULL, 0),
(175, 178, 0, 0, 0, '0', 0, 0, '', 0, NULL, 0, 0, NULL, 0, 0, NULL, 0, 0, '', 0, NULL, 0, 0, NULL, 0, 0, NULL, 0),
(176, 179, 0, 0, 0, '0', 0, 0, '', 0, NULL, 0, 0, NULL, 0, 0, NULL, 0, 0, '', 0, NULL, 0, 0, NULL, 0, 0, NULL, 0),
(177, 180, 0, 0, 0, '0', 0, 0, '', 0, NULL, 0, 0, NULL, 0, 0, NULL, 0, 0, '', 0, NULL, 0, 0, NULL, 0, 0, NULL, 0),
(178, 181, 0, 0, 0, '0', 0, 0, '', 0, NULL, 0, 0, NULL, 0, 0, NULL, 0, 0, '', 0, NULL, 0, 0, NULL, 0, 0, NULL, 0),
(179, 182, 0, 0, 0, '0', 0, 0, '', 0, NULL, 0, 0, NULL, 0, 0, NULL, 0, 0, '', 0, NULL, 0, 0, NULL, 0, 0, NULL, 0),
(180, 183, 0, 0, 0, '0', 0, 0, '', 0, NULL, 0, 0, NULL, 0, 0, NULL, 0, 0, '', 0, NULL, 0, 0, NULL, 0, 0, NULL, 0),
(181, 184, 0, 0, 0, '0', 0, 0, '', 0, NULL, 0, 0, NULL, 0, 0, NULL, 0, 0, '', 0, NULL, 0, 0, NULL, 0, 0, NULL, 0),
(182, 185, 0, 0, 0, '0', 0, 0, '', 0, NULL, 0, 0, NULL, 0, 0, NULL, 0, 0, '', 0, NULL, 0, 0, NULL, 0, 0, NULL, 0),
(183, 186, 0, 0, 0, '0', 0, 0, '', 0, NULL, 0, 0, NULL, 0, 0, NULL, 0, 0, '', 0, NULL, 0, 0, NULL, 0, 0, NULL, 0),
(184, 187, 0, 0, 0, '0', 0, 0, '', 0, NULL, 0, 0, NULL, 0, 0, NULL, 0, 0, '', 0, NULL, 0, 0, NULL, 0, 0, NULL, 0),
(185, 188, 0, 0, 0, '0', 0, 0, '', 0, NULL, 0, 0, NULL, 0, 0, NULL, 0, 0, '', 0, NULL, 0, 0, NULL, 0, 0, NULL, 0),
(186, 189, 0, 0, 0, '0', 0, 0, '', 0, NULL, 0, 0, NULL, 0, 0, NULL, 0, 0, '', 0, NULL, 0, 0, NULL, 0, 0, NULL, 0),
(187, 190, 0, 0, 0, '0', 0, 0, '', 0, NULL, 0, 0, NULL, 0, 0, NULL, 0, 0, '', 0, NULL, 0, 0, NULL, 0, 0, NULL, 0),
(188, 191, 0, 0, 0, '0', 0, 0, '', 0, NULL, 0, 0, NULL, 0, 0, NULL, 0, 0, '', 0, NULL, 0, 0, NULL, 0, 0, NULL, 0),
(189, 192, 0, 0, 0, '0', 0, 0, '', 0, NULL, 0, 0, NULL, 0, 0, NULL, 0, 0, '', 0, NULL, 0, 0, NULL, 0, 0, NULL, 0),
(190, 193, 0, 0, 0, '0', 0, 0, '', 0, NULL, 0, 0, NULL, 0, 0, NULL, 0, 0, '', 0, NULL, 0, 0, NULL, 0, 0, NULL, 0),
(191, 194, 0, 0, 0, '0', 0, 0, '', 0, NULL, 0, 0, NULL, 0, 0, NULL, 0, 0, '', 0, NULL, 0, 0, NULL, 0, 0, NULL, 0),
(192, 195, 0, 0, 0, '0', 0, 0, '', 0, NULL, 0, 0, NULL, 0, 0, NULL, 0, 0, '', 0, NULL, 0, 0, NULL, 0, 0, NULL, 0),
(193, 196, 0, 0, 0, '0', 0, 0, '', 0, NULL, 0, 0, NULL, 0, 0, NULL, 0, 0, '', 0, NULL, 0, 0, NULL, 0, 0, NULL, 0),
(194, 197, 0, 0, 0, '0', 0, 0, '', 0, NULL, 0, 0, NULL, 0, 0, NULL, 0, 0, '', 0, NULL, 0, 0, NULL, 0, 0, NULL, 0),
(195, 198, 0, 0, 0, '0', 0, 0, '', 0, NULL, 0, 0, NULL, 0, 0, NULL, 0, 0, '', 0, NULL, 0, 0, NULL, 0, 0, NULL, 0),
(196, 199, 0, 0, 0, '0', 0, 0, '', 0, NULL, 0, 0, NULL, 0, 0, NULL, 0, 0, '', 0, NULL, 0, 0, NULL, 0, 0, NULL, 0),
(197, 200, 0, 0, 0, '0', 0, 0, '', 0, NULL, 0, 0, NULL, 0, 0, NULL, 0, 0, '', 0, NULL, 0, 0, NULL, 0, 0, NULL, 0),
(198, 201, 0, 0, 0, '0', 0, 0, '', 0, NULL, 0, 0, NULL, 0, 0, NULL, 0, 0, '', 0, NULL, 0, 0, NULL, 0, 0, NULL, 0),
(199, 202, 0, 0, 0, '0', 0, 0, '', 0, NULL, 0, 0, NULL, 0, 0, NULL, 0, 0, '', 0, NULL, 0, 0, NULL, 0, 0, NULL, 0),
(200, 203, 0, 0, 0, '0', 0, 0, '', 0, NULL, 0, 0, NULL, 0, 0, NULL, 0, 0, '', 0, NULL, 0, 0, NULL, 0, 0, NULL, 0),
(201, 204, 0, 0, 0, '0', 0, 0, '', 0, NULL, 0, 0, NULL, 0, 0, NULL, 0, 0, '', 0, NULL, 0, 0, NULL, 0, 0, NULL, 0),
(202, 205, 0, 0, 0, '0', 0, 0, '', 0, NULL, 0, 0, NULL, 0, 0, NULL, 0, 0, '', 0, NULL, 0, 0, NULL, 0, 0, NULL, 0),
(203, 206, 0, 0, 0, '0', 0, 0, '', 0, NULL, 0, 0, NULL, 0, 0, NULL, 0, 0, '', 0, NULL, 0, 0, NULL, 0, 0, NULL, 0),
(204, 207, 0, 0, 0, '0', 0, 0, '', 0, NULL, 0, 0, NULL, 0, 0, NULL, 0, 0, '', 0, NULL, 0, 0, NULL, 0, 0, NULL, 0),
(205, 208, 0, 0, 0, '0', 0, 0, '', 0, NULL, 0, 0, NULL, 0, 0, NULL, 0, 0, '', 0, NULL, 0, 0, NULL, 0, 0, NULL, 0),
(206, 209, 0, 0, 0, '0', 0, 0, '', 0, NULL, 0, 0, NULL, 0, 0, NULL, 0, 0, '', 0, NULL, 0, 0, NULL, 0, 0, NULL, 0),
(207, 210, 0, 0, 0, '0', 0, 0, '', 0, NULL, 0, 0, NULL, 0, 0, NULL, 0, 0, '', 0, NULL, 0, 0, NULL, 0, 0, NULL, 0),
(208, 211, 0, 0, 0, '0', 0, 0, '', 0, NULL, 0, 0, NULL, 0, 0, NULL, 0, 0, '', 0, NULL, 0, 0, NULL, 0, 0, NULL, 0),
(209, 212, 0, 0, 0, '0', 0, 0, '', 0, NULL, 0, 0, NULL, 0, 0, NULL, 0, 0, '', 0, NULL, 0, 0, NULL, 0, 0, NULL, 0),
(210, 213, 0, 0, 0, '0', 0, 0, '', 0, NULL, 0, 0, NULL, 0, 0, NULL, 0, 0, '', 0, NULL, 0, 0, NULL, 0, 0, NULL, 0),
(211, 214, 0, 0, 0, '0', 0, 0, '', 0, NULL, 0, 0, NULL, 0, 0, NULL, 0, 0, '', 0, NULL, 0, 0, NULL, 0, 0, NULL, 0),
(212, 215, 0, 0, 0, '0', 0, 0, '', 0, NULL, 0, 0, NULL, 0, 0, NULL, 0, 0, '', 0, NULL, 0, 0, NULL, 0, 0, NULL, 0),
(213, 216, 0, 0, 0, '0', 0, 0, '', 0, NULL, 0, 0, NULL, 0, 0, NULL, 0, 0, '', 0, NULL, 0, 0, NULL, 0, 0, NULL, 0),
(214, 217, 0, 0, 0, '0', 0, 0, '', 0, NULL, 0, 0, NULL, 0, 0, NULL, 0, 0, '', 0, NULL, 0, 0, NULL, 0, 0, NULL, 0),
(215, 218, 0, 0, 0, '0', 0, 0, '', 0, NULL, 0, 0, NULL, 0, 0, NULL, 0, 0, '', 0, NULL, 0, 0, NULL, 0, 0, NULL, 0),
(216, 219, 0, 0, 0, '0', 0, 0, '', 0, NULL, 0, 0, NULL, 0, 0, NULL, 0, 0, '', 0, NULL, 0, 0, NULL, 0, 0, NULL, 0),
(217, 220, 0, 0, 0, '0', 0, 0, '', 0, NULL, 0, 0, NULL, 0, 0, NULL, 0, 0, '', 0, NULL, 0, 0, NULL, 0, 0, NULL, 0),
(218, 221, 0, 0, 0, '0', 0, 0, '', 0, NULL, 0, 0, NULL, 0, 0, NULL, 0, 0, '', 0, NULL, 0, 0, NULL, 0, 0, NULL, 0),
(219, 222, 0, 0, 0, '0', 0, 0, '', 0, NULL, 0, 0, NULL, 0, 0, NULL, 0, 0, '', 0, NULL, 0, 0, NULL, 0, 0, NULL, 0),
(220, 223, 0, 0, 0, '0', 0, 0, '', 0, NULL, 0, 0, NULL, 0, 0, NULL, 0, 0, '', 0, NULL, 0, 0, NULL, 0, 0, NULL, 0),
(221, 224, 0, 0, 0, '0', 0, 0, '', 0, NULL, 0, 0, NULL, 0, 0, NULL, 0, 0, '', 0, NULL, 0, 0, NULL, 0, 0, NULL, 0),
(222, 225, 0, 0, 0, '0', 0, 0, '', 0, NULL, 0, 0, NULL, 0, 0, NULL, 0, 0, '', 0, NULL, 0, 0, NULL, 0, 0, NULL, 0),
(223, 226, 0, 0, 0, '0', 0, 0, '', 0, NULL, 0, 0, NULL, 0, 0, NULL, 0, 0, '', 0, NULL, 0, 0, NULL, 0, 0, NULL, 0),
(224, 227, 0, 0, 0, '0', 0, 0, '', 0, NULL, 0, 0, NULL, 0, 0, NULL, 0, 0, '', 0, NULL, 0, 0, NULL, 0, 0, NULL, 0),
(225, 228, 0, 0, 0, '0', 0, 0, '', 0, NULL, 0, 0, NULL, 0, 0, NULL, 0, 0, '', 0, NULL, 0, 0, NULL, 0, 0, NULL, 0),
(226, 229, 0, 0, 0, '0', 0, 0, '', 0, NULL, 0, 0, NULL, 0, 0, NULL, 0, 0, '', 0, NULL, 0, 0, NULL, 0, 0, NULL, 0),
(227, 230, 0, 0, 0, '0', 0, 0, '', 0, NULL, 0, 0, NULL, 0, 0, NULL, 0, 0, '', 0, NULL, 0, 0, NULL, 0, 0, NULL, 0),
(228, 231, 0, 0, 0, '0', 0, 0, '', 0, NULL, 0, 0, NULL, 0, 0, NULL, 0, 0, '', 0, NULL, 0, 0, NULL, 0, 0, NULL, 0),
(229, 232, 0, 0, 0, '0', 0, 0, '', 0, NULL, 0, 0, NULL, 0, 0, NULL, 0, 0, '', 0, NULL, 0, 0, NULL, 0, 0, NULL, 0),
(230, 233, 0, 0, 0, '0', 0, 0, '', 0, NULL, 0, 0, NULL, 0, 0, NULL, 0, 0, '', 0, NULL, 0, 0, NULL, 0, 0, NULL, 0),
(231, 234, 0, 0, 0, '0', 0, 0, '', 0, NULL, 0, 0, NULL, 0, 0, NULL, 0, 0, '', 0, NULL, 0, 0, NULL, 0, 0, NULL, 0),
(232, 235, 0, 0, 0, '0', 0, 0, '', 0, NULL, 0, 0, NULL, 0, 0, NULL, 0, 0, '', 0, NULL, 0, 0, NULL, 0, 0, NULL, 0),
(233, 236, 0, 0, 0, '0', 0, 0, '', 0, NULL, 0, 0, NULL, 0, 0, NULL, 0, 0, '', 0, NULL, 0, 0, NULL, 0, 0, NULL, 0),
(234, 237, 0, 0, 0, '0', 0, 0, '', 0, NULL, 0, 0, NULL, 0, 0, NULL, 0, 0, '', 0, NULL, 0, 0, NULL, 0, 0, NULL, 0),
(235, 238, 0, 0, 0, '0', 0, 0, '', 0, NULL, 0, 0, NULL, 0, 0, NULL, 0, 0, '', 0, NULL, 0, 0, NULL, 0, 0, NULL, 0),
(236, 239, 0, 0, 0, '0', 0, 0, '', 0, NULL, 0, 0, NULL, 0, 0, NULL, 0, 0, '', 0, NULL, 0, 0, NULL, 0, 0, NULL, 0),
(237, 240, 0, 0, 0, '0', 0, 0, '', 0, NULL, 0, 0, NULL, 0, 0, NULL, 0, 0, '', 0, NULL, 0, 0, NULL, 0, 0, NULL, 0),
(238, 241, 0, 0, 0, '0', 0, 0, '', 0, NULL, 0, 0, NULL, 0, 0, NULL, 0, 0, '', 0, NULL, 0, 0, NULL, 0, 0, NULL, 0),
(239, 242, 0, 0, 0, '0', 0, 0, '', 0, NULL, 0, 0, NULL, 0, 0, NULL, 0, 0, '', 0, NULL, 0, 0, NULL, 0, 0, NULL, 0),
(240, 243, 0, 0, 0, '0', 0, 0, '', 0, NULL, 0, 0, NULL, 0, 0, NULL, 0, 0, '', 0, NULL, 0, 0, NULL, 0, 0, NULL, 0),
(241, 244, 0, 0, 0, '0', 0, 0, '', 0, NULL, 0, 0, NULL, 0, 0, NULL, 0, 0, '', 0, NULL, 0, 0, NULL, 0, 0, NULL, 0),
(242, 245, 0, 0, 0, '0', 0, 0, '', 0, NULL, 0, 0, NULL, 0, 0, NULL, 0, 0, '', 0, NULL, 0, 0, NULL, 0, 0, NULL, 0),
(243, 246, 0, 0, 0, '0', 0, 0, '', 0, NULL, 0, 0, NULL, 0, 0, NULL, 0, 0, '', 0, NULL, 0, 0, NULL, 0, 0, NULL, 0),
(244, 247, 0, 0, 0, '0', 0, 0, '', 0, NULL, 0, 0, NULL, 0, 0, NULL, 0, 0, '', 0, NULL, 0, 0, NULL, 0, 0, NULL, 0),
(245, 248, 0, 0, 0, '0', 0, 0, '', 0, NULL, 0, 0, NULL, 0, 0, NULL, 0, 0, '', 0, NULL, 0, 0, NULL, 0, 0, NULL, 0),
(246, 249, 0, 0, 0, '0', 0, 0, '', 0, NULL, 0, 0, NULL, 0, 0, NULL, 0, 0, '', 0, NULL, 0, 0, NULL, 0, 0, NULL, 0),
(247, 250, 0, 0, 0, '0', 0, 0, '', 0, NULL, 0, 0, NULL, 0, 0, NULL, 0, 0, '', 0, NULL, 0, 0, NULL, 0, 0, NULL, 0),
(248, 251, 0, 0, 0, '0', 0, 0, '', 0, NULL, 0, 0, NULL, 0, 0, NULL, 0, 0, '', 0, NULL, 0, 0, NULL, 0, 0, NULL, 0),
(249, 252, 0, 0, 0, '0', 0, 0, '', 0, NULL, 0, 0, NULL, 0, 0, NULL, 0, 0, '', 0, NULL, 0, 0, NULL, 0, 0, NULL, 0),
(250, 253, 0, 0, 0, '0', 0, 0, '', 0, NULL, 0, 0, NULL, 0, 0, NULL, 0, 0, '', 0, NULL, 0, 0, NULL, 0, 0, NULL, 0),
(251, 254, 0, 0, 0, '0', 0, 0, '', 0, NULL, 0, 0, NULL, 0, 0, NULL, 0, 0, '', 0, NULL, 0, 0, NULL, 0, 0, NULL, 0),
(252, 255, 0, 0, 0, '0', 0, 0, '', 0, NULL, 0, 0, NULL, 0, 0, NULL, 0, 0, '', 0, NULL, 0, 0, NULL, 0, 0, NULL, 0),
(253, 256, 0, 0, 0, '0', 0, 0, '', 0, NULL, 0, 0, NULL, 0, 0, NULL, 0, 0, '', 0, NULL, 0, 0, NULL, 0, 0, NULL, 0),
(254, 257, 0, 0, 0, '0', 0, 0, '', 0, NULL, 0, 0, NULL, 0, 0, NULL, 0, 0, '', 0, NULL, 0, 0, NULL, 0, 0, NULL, 0),
(255, 258, 0, 0, 0, '0', 0, 0, '', 0, NULL, 0, 0, NULL, 0, 0, NULL, 0, 0, '', 0, NULL, 0, 0, NULL, 0, 0, NULL, 0),
(256, 259, 0, 0, 0, '0', 0, 0, '', 0, NULL, 0, 0, NULL, 0, 0, NULL, 0, 0, '', 0, NULL, 0, 0, NULL, 0, 0, NULL, 0),
(257, 260, 0, 0, 0, '0', 0, 0, '', 0, NULL, 0, 0, NULL, 0, 0, NULL, 0, 0, '', 0, NULL, 0, 0, NULL, 0, 0, NULL, 0),
(258, 261, 0, 0, 0, '0', 0, 0, '', 0, NULL, 0, 0, NULL, 0, 0, NULL, 0, 0, '', 0, NULL, 0, 0, NULL, 0, 0, NULL, 0),
(259, 262, 0, 0, 0, '0', 0, 0, '', 0, NULL, 0, 0, NULL, 0, 0, NULL, 0, 0, '', 0, NULL, 0, 0, NULL, 0, 0, NULL, 0),
(260, 263, 0, 0, 0, '0', 0, 0, '', 0, NULL, 0, 0, NULL, 0, 0, NULL, 0, 0, '', 0, NULL, 0, 0, NULL, 0, 0, NULL, 0),
(261, 264, 0, 0, 0, '0', 0, 0, '', 0, NULL, 0, 0, NULL, 0, 0, NULL, 0, 0, '', 0, NULL, 0, 0, NULL, 0, 0, NULL, 0),
(262, 265, 0, 0, 0, '0', 0, 0, '', 0, NULL, 0, 0, NULL, 0, 0, NULL, 0, 0, '', 0, NULL, 0, 0, NULL, 0, 0, NULL, 0),
(263, 266, 0, 0, 0, '0', 0, 0, '', 0, NULL, 0, 0, NULL, 0, 0, NULL, 0, 0, '', 0, NULL, 0, 0, NULL, 0, 0, NULL, 0),
(264, 267, 0, 0, 0, '0', 0, 0, '', 0, NULL, 0, 0, NULL, 0, 0, NULL, 0, 0, '', 0, NULL, 0, 0, NULL, 0, 0, NULL, 0),
(265, 268, 0, 0, 0, '0', 0, 0, '', 0, NULL, 0, 0, NULL, 0, 0, NULL, 0, 0, '', 0, NULL, 0, 0, NULL, 0, 0, NULL, 0),
(266, 269, 0, 0, 0, '0', 0, 0, '', 0, NULL, 0, 0, NULL, 0, 0, NULL, 0, 0, '', 0, NULL, 0, 0, NULL, 0, 0, NULL, 0),
(267, 270, 0, 0, 0, '0', 0, 0, '', 0, NULL, 0, 0, NULL, 0, 0, NULL, 0, 0, '', 0, NULL, 0, 0, NULL, 0, 0, NULL, 0),
(268, 271, 0, 0, 0, '0', 0, 0, '', 0, NULL, 0, 0, NULL, 0, 0, NULL, 0, 0, '', 0, NULL, 0, 0, NULL, 0, 0, NULL, 0),
(269, 272, 0, 0, 0, '0', 0, 0, '', 0, NULL, 0, 0, NULL, 0, 0, NULL, 0, 0, '', 0, NULL, 0, 0, NULL, 0, 0, NULL, 0),
(270, 273, 0, 0, 0, '0', 0, 0, '', 0, NULL, 0, 0, NULL, 0, 0, NULL, 0, 0, '', 0, NULL, 0, 0, NULL, 0, 0, NULL, 0),
(271, 274, 0, 0, 0, '0', 0, 0, '', 0, NULL, 0, 0, NULL, 0, 0, NULL, 0, 0, '', 0, NULL, 0, 0, NULL, 0, 0, NULL, 0),
(272, 275, 0, 0, 0, '0', 0, 0, '', 0, NULL, 0, 0, NULL, 0, 0, NULL, 0, 0, '', 0, NULL, 0, 0, NULL, 0, 0, NULL, 0),
(273, 276, 0, 0, 0, '0', 0, 0, '', 0, NULL, 0, 0, NULL, 0, 0, NULL, 0, 0, '', 0, NULL, 0, 0, NULL, 0, 0, NULL, 0),
(274, 277, 0, 0, 0, '0', 0, 0, '', 0, NULL, 0, 0, NULL, 0, 0, NULL, 0, 0, '', 0, NULL, 0, 0, NULL, 0, 0, NULL, 0),
(275, 278, 0, 0, 0, '0', 0, 0, '', 0, NULL, 0, 0, NULL, 0, 0, NULL, 0, 0, '', 0, NULL, 0, 0, NULL, 0, 0, NULL, 0),
(276, 279, 0, 0, 0, '0', 0, 0, '', 0, NULL, 0, 0, NULL, 0, 0, NULL, 0, 0, '', 0, NULL, 0, 0, NULL, 0, 0, NULL, 0),
(277, 280, 0, 0, 0, '0', 0, 0, '', 0, NULL, 0, 0, NULL, 0, 0, NULL, 0, 0, '', 0, NULL, 0, 0, NULL, 0, 0, NULL, 0),
(278, 281, 0, 0, 0, '0', 0, 0, '', 0, NULL, 0, 0, NULL, 0, 0, NULL, 0, 0, '', 0, NULL, 0, 0, NULL, 0, 0, NULL, 0),
(279, 282, 0, 0, 0, '0', 0, 0, '', 0, NULL, 0, 0, NULL, 0, 0, NULL, 0, 0, '', 0, NULL, 0, 0, NULL, 0, 0, NULL, 0),
(280, 283, 0, 0, 0, '0', 0, 0, '', 0, NULL, 0, 0, NULL, 0, 0, NULL, 0, 0, '', 0, NULL, 0, 0, NULL, 0, 0, NULL, 0),
(281, 284, 0, 0, 0, '0', 0, 0, '', 0, NULL, 0, 0, NULL, 0, 0, NULL, 0, 0, '', 0, NULL, 0, 0, NULL, 0, 0, NULL, 0),
(282, 285, 0, 0, 0, '0', 0, 0, '', 0, NULL, 0, 0, NULL, 0, 0, NULL, 0, 0, '', 0, NULL, 0, 0, NULL, 0, 0, NULL, 0),
(283, 286, 0, 0, 0, '0', 0, 0, '', 0, NULL, 0, 0, NULL, 0, 0, NULL, 0, 0, '', 0, NULL, 0, 0, NULL, 0, 0, NULL, 0),
(284, 287, 0, 0, 0, '0', 0, 0, '', 0, NULL, 0, 0, NULL, 0, 0, NULL, 0, 0, '', 0, NULL, 0, 0, NULL, 0, 0, NULL, 0),
(285, 288, 0, 0, 0, '0', 0, 0, '', 0, NULL, 0, 0, NULL, 0, 0, NULL, 0, 0, '', 0, NULL, 0, 0, NULL, 0, 0, NULL, 0),
(286, 289, 0, 0, 0, '0', 0, 0, '', 0, NULL, 0, 0, NULL, 0, 0, NULL, 0, 0, '', 0, NULL, 0, 0, NULL, 0, 0, NULL, 0),
(287, 290, 0, 0, 0, '0', 0, 0, '', 0, NULL, 0, 0, NULL, 0, 0, NULL, 0, 0, '', 0, NULL, 0, 0, NULL, 0, 0, NULL, 0),
(288, 291, 0, 0, 0, '0', 0, 0, '', 0, NULL, 0, 0, NULL, 0, 0, NULL, 0, 0, '', 0, NULL, 0, 0, NULL, 0, 0, NULL, 0),
(289, 292, 0, 0, 0, '0', 0, 0, '', 0, NULL, 0, 0, NULL, 0, 0, NULL, 0, 0, '', 0, NULL, 0, 0, NULL, 0, 0, NULL, 0),
(290, 293, 0, 0, 0, '0', 0, 0, '', 0, NULL, 0, 0, NULL, 0, 0, NULL, 0, 0, '', 0, NULL, 0, 0, NULL, 0, 0, NULL, 0),
(291, 294, 0, 0, 0, '0', 0, 0, '', 0, NULL, 0, 0, NULL, 0, 0, NULL, 0, 0, '', 0, NULL, 0, 0, NULL, 0, 0, NULL, 0),
(292, 295, 0, 0, 0, '0', 0, 0, '', 0, NULL, 0, 0, NULL, 0, 0, NULL, 0, 0, '', 0, NULL, 0, 0, NULL, 0, 0, NULL, 0),
(293, 296, 0, 0, 0, '0', 0, 0, '', 0, NULL, 0, 0, NULL, 0, 0, NULL, 0, 0, '', 0, NULL, 0, 0, NULL, 0, 0, NULL, 0),
(294, 297, 0, 0, 0, '0', 0, 0, '', 0, NULL, 0, 0, NULL, 0, 0, NULL, 0, 0, '', 0, NULL, 0, 0, NULL, 0, 0, NULL, 0),
(295, 298, 0, 0, 0, '0', 0, 0, '', 0, NULL, 0, 0, NULL, 0, 0, NULL, 0, 0, '', 0, NULL, 0, 0, NULL, 0, 0, NULL, 0),
(296, 299, 0, 0, 0, '0', 0, 0, '', 0, NULL, 0, 0, NULL, 0, 0, NULL, 0, 0, '', 0, NULL, 0, 0, NULL, 0, 0, NULL, 0),
(297, 300, 0, 0, 0, '0', 0, 0, '', 0, NULL, 0, 0, NULL, 0, 0, NULL, 0, 0, '', 0, NULL, 0, 0, NULL, 0, 0, NULL, 0),
(298, 301, 0, 0, 0, '0', 0, 0, '', 0, NULL, 0, 0, NULL, 0, 0, NULL, 0, 0, '', 0, NULL, 0, 0, NULL, 0, 0, NULL, 0),
(299, 302, 0, 0, 0, '0', 0, 0, '', 0, NULL, 0, 0, NULL, 0, 0, NULL, 0, 0, '', 0, NULL, 0, 0, NULL, 0, 0, NULL, 0),
(300, 303, 0, 0, 0, '0', 0, 0, '', 0, NULL, 0, 0, NULL, 0, 0, NULL, 0, 0, '', 0, NULL, 0, 0, NULL, 0, 0, NULL, 0),
(301, 304, 0, 0, 0, '0', 0, 0, '', 0, NULL, 0, 0, NULL, 0, 0, NULL, 0, 0, '', 0, NULL, 0, 0, NULL, 0, 0, NULL, 0),
(302, 305, 0, 0, 0, '0', 0, 0, '', 0, NULL, 0, 0, NULL, 0, 0, NULL, 0, 0, '', 0, NULL, 0, 0, NULL, 0, 0, NULL, 0),
(303, 306, 0, 0, 0, '0', 0, 0, '', 0, NULL, 0, 0, NULL, 0, 0, NULL, 0, 0, '', 0, NULL, 0, 0, NULL, 0, 0, NULL, 0),
(304, 307, 0, 0, 0, '0', 0, 0, '', 0, NULL, 0, 0, NULL, 0, 0, NULL, 0, 0, '', 0, NULL, 0, 0, NULL, 0, 0, NULL, 0),
(305, 308, 0, 0, 0, '0', 0, 0, '', 0, NULL, 0, 0, NULL, 0, 0, NULL, 0, 0, '', 0, NULL, 0, 0, NULL, 0, 0, NULL, 0),
(306, 309, 0, 0, 0, '0', 0, 0, '', 0, NULL, 0, 0, NULL, 0, 0, NULL, 0, 0, '', 0, NULL, 0, 0, NULL, 0, 0, NULL, 0),
(307, 310, 0, 0, 0, '0', 0, 0, '', 0, NULL, 0, 0, NULL, 0, 0, NULL, 0, 0, '', 0, NULL, 0, 0, NULL, 0, 0, NULL, 0),
(308, 311, 0, 0, 0, '0', 0, 0, '', 0, NULL, 0, 0, NULL, 0, 0, NULL, 0, 0, '', 0, NULL, 0, 0, NULL, 0, 0, NULL, 0),
(309, 312, 0, 0, 0, '0', 0, 0, '', 0, NULL, 0, 0, NULL, 0, 0, NULL, 0, 0, '', 0, NULL, 0, 0, NULL, 0, 0, NULL, 0),
(310, 313, 0, 0, 0, '0', 0, 0, '', 0, NULL, 0, 0, NULL, 0, 0, NULL, 0, 0, '', 0, NULL, 0, 0, NULL, 0, 0, NULL, 0),
(311, 314, 0, 0, 0, '0', 0, 0, '', 0, NULL, 0, 0, NULL, 0, 0, NULL, 0, 0, '', 0, NULL, 0, 0, NULL, 0, 0, NULL, 0),
(312, 315, 0, 0, 0, '0', 0, 0, '', 0, NULL, 0, 0, NULL, 0, 0, NULL, 0, 0, '', 0, NULL, 0, 0, NULL, 0, 0, NULL, 0),
(313, 316, 0, 0, 0, '0', 0, 0, '', 0, NULL, 0, 0, NULL, 0, 0, NULL, 0, 0, '', 0, NULL, 0, 0, NULL, 0, 0, NULL, 0),
(314, 317, 0, 0, 0, '0', 0, 0, '', 0, NULL, 0, 0, NULL, 0, 0, NULL, 0, 0, '', 0, NULL, 0, 0, NULL, 0, 0, NULL, 0);
INSERT INTO `assets` (`id`, `userid`, `milk`, `egg`, `food`, `foodTimer`, `gold`, `kartopu`, `kartopuDetails`, `boncuk`, `boncukDetails`, `boncukLiked`, `sarikiz`, `sarikizDetails`, `sarikizLiked`, `simental`, `simentalDetails`, `simentalLiked`, `dudu`, `duduDetails`, `pamuk`, `pamukDetails`, `pamukLiked`, `pofuduk`, `pofudukDetails`, `pofudukLiked`, `suslu`, `susluDetails`, `susluLiked`) VALUES
(315, 318, 0, 0, 0, '0', 0, 0, '', 0, NULL, 0, 0, NULL, 0, 0, NULL, 0, 0, '', 0, NULL, 0, 0, NULL, 0, 0, NULL, 0),
(316, 319, 0, 0, 0, '0', 0, 0, '', 0, NULL, 0, 0, NULL, 0, 0, NULL, 0, 0, '', 0, NULL, 0, 0, NULL, 0, 0, NULL, 0),
(317, 320, 0, 0, 0, '0', 0, 0, '', 0, NULL, 0, 0, NULL, 0, 0, NULL, 0, 0, '', 0, NULL, 0, 0, NULL, 0, 0, NULL, 0),
(318, 321, 0, 0, 0, '0', 0, 0, '', 0, NULL, 0, 0, NULL, 0, 0, NULL, 0, 0, '', 0, NULL, 0, 0, NULL, 0, 0, NULL, 0),
(319, 322, 0, 0, 0, '0', 0, 0, '', 0, NULL, 0, 0, NULL, 0, 0, NULL, 0, 0, '', 0, NULL, 0, 0, NULL, 0, 0, NULL, 0),
(320, 323, 0, 0, 0, '0', 0, 0, '', 0, NULL, 0, 0, NULL, 0, 0, NULL, 0, 0, '', 0, NULL, 0, 0, NULL, 0, 0, NULL, 0),
(321, 324, 0, 0, 0, '0', 0, 0, '', 0, NULL, 0, 0, NULL, 0, 0, NULL, 0, 0, '', 0, NULL, 0, 0, NULL, 0, 0, NULL, 0),
(322, 325, 0, 0, 0, '0', 0, 0, '', 0, NULL, 0, 0, NULL, 0, 0, NULL, 0, 0, '', 0, NULL, 0, 0, NULL, 0, 0, NULL, 0),
(323, 326, 0, 0, 0, '0', 0, 0, '', 0, NULL, 0, 0, NULL, 0, 0, NULL, 0, 0, '', 0, NULL, 0, 0, NULL, 0, 0, NULL, 0),
(324, 327, 0, 0, 0, '0', 0, 0, '', 0, NULL, 0, 0, NULL, 0, 0, NULL, 0, 0, '', 0, NULL, 0, 0, NULL, 0, 0, NULL, 0),
(325, 328, 0, 0, 0, '0', 0, 0, '', 0, NULL, 0, 0, NULL, 0, 0, NULL, 0, 0, '', 0, NULL, 0, 0, NULL, 0, 0, NULL, 0),
(326, 329, 0, 0, 0, '0', 0, 0, '', 0, NULL, 0, 0, NULL, 0, 0, NULL, 0, 0, '', 0, NULL, 0, 0, NULL, 0, 0, NULL, 0),
(327, 330, 0, 0, 0, '0', 0, 0, '', 0, NULL, 0, 0, NULL, 0, 0, NULL, 0, 0, '', 0, NULL, 0, 0, NULL, 0, 0, NULL, 0),
(328, 331, 0, 0, 0, '0', 0, 0, '', 0, NULL, 0, 0, NULL, 0, 0, NULL, 0, 0, '', 0, NULL, 0, 0, NULL, 0, 0, NULL, 0),
(329, 332, 0, 0, 0, '0', 0, 0, '', 0, NULL, 0, 0, NULL, 0, 0, NULL, 0, 0, '', 0, NULL, 0, 0, NULL, 0, 0, NULL, 0),
(330, 333, 0, 0, 0, '0', 0, 0, '', 0, NULL, 0, 0, NULL, 0, 0, NULL, 0, 0, '', 0, NULL, 0, 0, NULL, 0, 0, NULL, 0),
(331, 334, 0, 0, 0, '0', 0, 0, '', 0, NULL, 0, 0, NULL, 0, 0, NULL, 0, 0, '', 0, NULL, 0, 0, NULL, 0, 0, NULL, 0),
(332, 335, 0, 0, 0, '0', 0, 0, '', 0, NULL, 0, 0, NULL, 0, 0, NULL, 0, 0, '', 0, NULL, 0, 0, NULL, 0, 0, NULL, 0),
(333, 336, 0, 0, 0, '0', 0, 0, '', 0, NULL, 0, 0, NULL, 0, 0, NULL, 0, 0, '', 0, NULL, 0, 0, NULL, 0, 0, NULL, 0),
(334, 337, 0, 0, 0, '0', 0, 0, '', 0, NULL, 0, 0, NULL, 0, 0, NULL, 0, 0, '', 0, NULL, 0, 0, NULL, 0, 0, NULL, 0),
(335, 338, 0, 0, 0, '0', 0, 0, '', 0, NULL, 0, 0, NULL, 0, 0, NULL, 0, 0, '', 0, NULL, 0, 0, NULL, 0, 0, NULL, 0),
(336, 339, 0, 0, 0, '0', 0, 0, '', 0, NULL, 0, 0, NULL, 0, 0, NULL, 0, 0, '', 0, NULL, 0, 0, NULL, 0, 0, NULL, 0),
(337, 340, 0, 0, 0, '0', 0, 0, '', 0, NULL, 0, 0, NULL, 0, 0, NULL, 0, 0, '', 0, NULL, 0, 0, NULL, 0, 0, NULL, 0),
(338, 341, 0, 0, 0, '0', 0, 0, '', 0, NULL, 0, 0, NULL, 0, 0, NULL, 0, 0, '', 0, NULL, 0, 0, NULL, 0, 0, NULL, 0),
(339, 342, 0, 0, 0, '0', 0, 0, '', 0, NULL, 0, 0, NULL, 0, 0, NULL, 0, 0, '', 0, NULL, 0, 0, NULL, 0, 0, NULL, 0),
(340, 343, 0, 0, 0, '0', 0, 0, '', 0, NULL, 0, 0, NULL, 0, 0, NULL, 0, 0, '', 0, NULL, 0, 0, NULL, 0, 0, NULL, 0),
(341, 344, 0, 0, 0, '0', 0, 0, '', 0, NULL, 0, 0, NULL, 0, 0, NULL, 0, 0, '', 0, NULL, 0, 0, NULL, 0, 0, NULL, 0),
(342, 345, 0, 0, 0, '0', 0, 0, '', 0, NULL, 0, 0, NULL, 0, 0, NULL, 0, 0, '', 0, NULL, 0, 0, NULL, 0, 0, NULL, 0),
(343, 346, 0, 0, 0, '0', 0, 0, '', 0, NULL, 0, 0, NULL, 0, 0, NULL, 0, 0, '', 0, NULL, 0, 0, NULL, 0, 0, NULL, 0),
(344, 347, 0, 0, 0, '0', 0, 0, '', 0, NULL, 0, 0, NULL, 0, 0, NULL, 0, 0, '', 0, NULL, 0, 0, NULL, 0, 0, NULL, 0),
(345, 348, 0, 0, 0, '0', 0, 0, '', 0, NULL, 0, 0, NULL, 0, 0, NULL, 0, 0, '', 0, NULL, 0, 0, NULL, 0, 0, NULL, 0),
(346, 349, 0, 0, 0, '0', 0, 0, '', 0, NULL, 0, 0, NULL, 0, 0, NULL, 0, 0, '', 0, NULL, 0, 0, NULL, 0, 0, NULL, 0),
(347, 350, 0, 0, 0, '0', 0, 0, '', 0, NULL, 0, 0, NULL, 0, 0, NULL, 0, 0, '', 0, NULL, 0, 0, NULL, 0, 0, NULL, 0),
(348, 351, 0, 0, 0, '0', 0, 0, '', 0, NULL, 0, 0, NULL, 0, 0, NULL, 0, 0, '', 0, NULL, 0, 0, NULL, 0, 0, NULL, 0),
(349, 352, 0, 0, 0, '0', 0, 0, '', 0, NULL, 0, 0, NULL, 0, 0, NULL, 0, 0, '', 0, NULL, 0, 0, NULL, 0, 0, NULL, 0),
(350, 353, 0, 0, 0, '0', 0, 0, '', 0, NULL, 0, 0, NULL, 0, 0, NULL, 0, 0, '', 0, NULL, 0, 0, NULL, 0, 0, NULL, 0),
(351, 354, 0, 0, 0, '0', 0, 0, '', 0, NULL, 0, 0, NULL, 0, 0, NULL, 0, 0, '', 0, NULL, 0, 0, NULL, 0, 0, NULL, 0),
(352, 355, 0, 0, 0, '0', 0, 0, '', 0, NULL, 0, 0, NULL, 0, 0, NULL, 0, 0, '', 0, NULL, 0, 0, NULL, 0, 0, NULL, 0),
(353, 356, 0, 0, 0, '0', 0, 0, '', 0, NULL, 0, 0, NULL, 0, 0, NULL, 0, 0, '', 0, NULL, 0, 0, NULL, 0, 0, NULL, 0),
(354, 357, 0, 0, 0, '0', 0, 0, '', 0, NULL, 0, 0, NULL, 0, 0, NULL, 0, 0, '', 0, NULL, 0, 0, NULL, 0, 0, NULL, 0),
(355, 358, 0, 0, 0, '0', 0, 0, '', 0, NULL, 0, 0, NULL, 0, 0, NULL, 0, 0, '', 0, NULL, 0, 0, NULL, 0, 0, NULL, 0),
(356, 359, 0, 0, 0, '0', 0, 0, '', 0, NULL, 0, 0, NULL, 0, 0, NULL, 0, 0, '', 0, NULL, 0, 0, NULL, 0, 0, NULL, 0),
(357, 360, 0, 0, 0, '0', 0, 0, '', 0, NULL, 0, 0, NULL, 0, 0, NULL, 0, 0, '', 0, NULL, 0, 0, NULL, 0, 0, NULL, 0),
(358, 361, 0, 0, 0, '0', 0, 0, '', 0, NULL, 0, 0, NULL, 0, 0, NULL, 0, 0, '', 0, NULL, 0, 0, NULL, 0, 0, NULL, 0),
(359, 362, 0, 0, 0, '0', 0, 0, '', 0, NULL, 0, 0, NULL, 0, 0, NULL, 0, 0, '', 0, NULL, 0, 0, NULL, 0, 0, NULL, 0),
(360, 363, 0, 0, 0, '0', 0, 0, '', 0, NULL, 0, 0, NULL, 0, 0, NULL, 0, 0, '', 0, NULL, 0, 0, NULL, 0, 0, NULL, 0),
(361, 364, 0, 0, 0, '0', 0, 0, '', 0, NULL, 0, 0, NULL, 0, 0, NULL, 0, 0, '', 0, NULL, 0, 0, NULL, 0, 0, NULL, 0),
(362, 365, 0, 0, 0, '0', 0, 0, '', 0, NULL, 0, 0, NULL, 0, 0, NULL, 0, 0, '', 0, NULL, 0, 0, NULL, 0, 0, NULL, 0),
(363, 366, 0, 0, 0, '0', 0, 0, '', 0, NULL, 0, 0, NULL, 0, 0, NULL, 0, 0, '', 0, NULL, 0, 0, NULL, 0, 0, NULL, 0),
(364, 367, 0, 0, 0, '0', 0, 0, '', 0, NULL, 0, 0, NULL, 0, 0, NULL, 0, 0, '', 0, NULL, 0, 0, NULL, 0, 0, NULL, 0),
(365, 368, 0, 0, 0, '0', 0, 0, '', 0, NULL, 0, 0, NULL, 0, 0, NULL, 0, 0, '', 0, NULL, 0, 0, NULL, 0, 0, NULL, 0),
(366, 369, 0, 0, 0, '0', 0, 0, '', 0, NULL, 0, 0, NULL, 0, 0, NULL, 0, 0, '', 0, NULL, 0, 0, NULL, 0, 0, NULL, 0),
(367, 370, 0, 0, 0, '0', 0, 0, '', 0, NULL, 0, 0, NULL, 0, 0, NULL, 0, 0, '', 0, NULL, 0, 0, NULL, 0, 0, NULL, 0),
(368, 371, 0, 0, 0, '0', 0, 0, '', 0, NULL, 0, 0, NULL, 0, 0, NULL, 0, 0, '', 0, NULL, 0, 0, NULL, 0, 0, NULL, 0),
(369, 372, 0, 0, 0, '0', 0, 0, '', 0, NULL, 0, 0, NULL, 0, 0, NULL, 0, 0, '', 0, NULL, 0, 0, NULL, 0, 0, NULL, 0),
(370, 373, 0, 0, 0, '0', 0, 0, '', 0, NULL, 0, 0, NULL, 0, 0, NULL, 0, 0, '', 0, NULL, 0, 0, NULL, 0, 0, NULL, 0),
(371, 374, 0, 0, 0, '0', 0, 0, '', 0, NULL, 0, 0, NULL, 0, 0, NULL, 0, 0, '', 0, NULL, 0, 0, NULL, 0, 0, NULL, 0),
(372, 375, 0, 0, 0, '0', 0, 0, '', 0, NULL, 0, 0, NULL, 0, 0, NULL, 0, 0, '', 0, NULL, 0, 0, NULL, 0, 0, NULL, 0),
(373, 376, 0, 0, 0, '0', 0, 0, '', 0, NULL, 0, 0, NULL, 0, 0, NULL, 0, 0, '', 0, NULL, 0, 0, NULL, 0, 0, NULL, 0),
(374, 377, 0, 0, 0, '0', 0, 0, '', 0, NULL, 0, 0, NULL, 0, 0, NULL, 0, 0, '', 0, NULL, 0, 0, NULL, 0, 0, NULL, 0),
(375, 378, 0, 0, 0, '0', 0, 0, '', 0, NULL, 0, 0, NULL, 0, 0, NULL, 0, 0, '', 0, NULL, 0, 0, NULL, 0, 0, NULL, 0),
(376, 379, 0, 0, 0, '0', 0, 0, '', 0, NULL, 0, 0, NULL, 0, 0, NULL, 0, 0, '', 0, NULL, 0, 0, NULL, 0, 0, NULL, 0),
(377, 380, 0, 0, 0, '0', 0, 0, '', 0, NULL, 0, 0, NULL, 0, 0, NULL, 0, 0, '', 0, NULL, 0, 0, NULL, 0, 0, NULL, 0),
(378, 381, 0, 0, 0, '0', 0, 0, '', 0, NULL, 0, 0, NULL, 0, 0, NULL, 0, 0, '', 0, NULL, 0, 0, NULL, 0, 0, NULL, 0),
(379, 382, 0, 0, 0, '0', 0, 0, '', 0, NULL, 0, 0, NULL, 0, 0, NULL, 0, 0, '', 0, NULL, 0, 0, NULL, 0, 0, NULL, 0),
(380, 383, 0, 0, 0, '0', 0, 0, '', 0, NULL, 0, 0, NULL, 0, 0, NULL, 0, 0, '', 0, NULL, 0, 0, NULL, 0, 0, NULL, 0),
(381, 384, 0, 0, 0, '0', 0, 0, '', 0, NULL, 0, 0, NULL, 0, 0, NULL, 0, 0, '', 0, NULL, 0, 0, NULL, 0, 0, NULL, 0),
(382, 385, 0, 0, 0, '0', 0, 0, '', 0, NULL, 0, 0, NULL, 0, 0, NULL, 0, 0, '', 0, NULL, 0, 0, NULL, 0, 0, NULL, 0),
(383, 386, 0, 0, 0, '0', 0, 0, '', 0, NULL, 0, 0, NULL, 0, 0, NULL, 0, 0, '', 0, NULL, 0, 0, NULL, 0, 0, NULL, 0),
(384, 387, 0, 0, 0, '0', 0, 0, '', 0, NULL, 0, 0, NULL, 0, 0, NULL, 0, 0, '', 0, NULL, 0, 0, NULL, 0, 0, NULL, 0),
(385, 388, 0, 0, 0, '0', 0, 0, '', 0, NULL, 0, 0, NULL, 0, 0, NULL, 0, 0, '', 0, NULL, 0, 0, NULL, 0, 0, NULL, 0),
(386, 389, 0, 0, 0, '0', 0, 0, '', 0, NULL, 0, 0, NULL, 0, 0, NULL, 0, 0, '', 0, NULL, 0, 0, NULL, 0, 0, NULL, 0),
(387, 390, 0, 0, 0, '0', 0, 0, '', 0, NULL, 0, 0, NULL, 0, 0, NULL, 0, 0, '', 0, NULL, 0, 0, NULL, 0, 0, NULL, 0),
(388, 391, 0, 0, 0, '0', 0, 0, '', 0, NULL, 0, 0, NULL, 0, 0, NULL, 0, 0, '', 0, NULL, 0, 0, NULL, 0, 0, NULL, 0),
(389, 392, 0, 0, 0, '0', 0, 0, '', 0, NULL, 0, 0, NULL, 0, 0, NULL, 0, 0, '', 0, NULL, 0, 0, NULL, 0, 0, NULL, 0),
(390, 393, 0, 0, 0, '0', 0, 0, '', 0, NULL, 0, 0, NULL, 0, 0, NULL, 0, 0, '', 0, NULL, 0, 0, NULL, 0, 0, NULL, 0),
(391, 394, 0, 0, 0, '0', 0, 0, '', 0, NULL, 0, 0, NULL, 0, 0, NULL, 0, 0, '', 0, NULL, 0, 0, NULL, 0, 0, NULL, 0),
(392, 395, 0, 0, 0, '0', 0, 0, '', 0, NULL, 0, 0, NULL, 0, 0, NULL, 0, 0, '', 0, NULL, 0, 0, NULL, 0, 0, NULL, 0),
(393, 396, 0, 0, 0, '0', 0, 0, '', 0, NULL, 0, 0, NULL, 0, 0, NULL, 0, 0, '', 0, NULL, 0, 0, NULL, 0, 0, NULL, 0),
(394, 397, 0, 0, 0, '0', 0, 0, '', 0, NULL, 0, 0, NULL, 0, 0, NULL, 0, 0, '', 0, NULL, 0, 0, NULL, 0, 0, NULL, 0),
(395, 398, 0, 0, 0, '0', 0, 0, '', 0, NULL, 0, 0, NULL, 0, 0, NULL, 0, 0, '', 0, NULL, 0, 0, NULL, 0, 0, NULL, 0),
(396, 399, 0, 0, 0, '0', 0, 0, '', 0, NULL, 0, 0, NULL, 0, 0, NULL, 0, 0, '', 0, NULL, 0, 0, NULL, 0, 0, NULL, 0),
(397, 400, 0, 0, 0, '0', 0, 0, '', 0, NULL, 0, 0, NULL, 0, 0, NULL, 0, 0, '', 0, NULL, 0, 0, NULL, 0, 0, NULL, 0),
(398, 401, 0, 0, 0, '0', 0, 0, '', 0, NULL, 0, 0, NULL, 0, 0, NULL, 0, 0, '', 0, NULL, 0, 0, NULL, 0, 0, NULL, 0),
(399, 402, 0, 0, 0, '0', 0, 0, '', 0, NULL, 0, 0, NULL, 0, 0, NULL, 0, 0, '', 0, NULL, 0, 0, NULL, 0, 0, NULL, 0),
(400, 403, 0, 0, 0, '0', 0, 0, '', 0, NULL, 0, 0, NULL, 0, 0, NULL, 0, 0, '', 0, NULL, 0, 0, NULL, 0, 0, NULL, 0),
(401, 404, 0, 0, 0, '0', 0, 0, '', 0, NULL, 0, 0, NULL, 0, 0, NULL, 0, 0, '', 0, NULL, 0, 0, NULL, 0, 0, NULL, 0),
(402, 405, 0, 0, 0, '0', 0, 0, '', 0, NULL, 0, 0, NULL, 0, 0, NULL, 0, 0, '', 0, NULL, 0, 0, NULL, 0, 0, NULL, 0),
(403, 406, 0, 0, 0, '0', 0, 0, '', 0, NULL, 0, 0, NULL, 0, 0, NULL, 0, 0, '', 0, NULL, 0, 0, NULL, 0, 0, NULL, 0),
(404, 407, 0, 0, 0, '0', 0, 0, '', 0, NULL, 0, 0, NULL, 0, 0, NULL, 0, 0, '', 0, NULL, 0, 0, NULL, 0, 0, NULL, 0),
(405, 408, 0, 0, 0, '0', 0, 0, '', 0, NULL, 0, 0, NULL, 0, 0, NULL, 0, 0, '', 0, NULL, 0, 0, NULL, 0, 0, NULL, 0),
(406, 409, 0, 0, 0, '0', 0, 0, '', 0, NULL, 0, 0, NULL, 0, 0, NULL, 0, 0, '', 0, NULL, 0, 0, NULL, 0, 0, NULL, 0),
(407, 410, 0, 0, 0, '0', 0, 0, '', 0, NULL, 0, 0, NULL, 0, 0, NULL, 0, 0, '', 0, NULL, 0, 0, NULL, 0, 0, NULL, 0),
(408, 411, 0, 0, 0, '0', 0, 0, '', 0, NULL, 0, 0, NULL, 0, 0, NULL, 0, 0, '', 0, NULL, 0, 0, NULL, 0, 0, NULL, 0),
(409, 412, 0, 0, 0, '0', 0, 0, '', 0, NULL, 0, 0, NULL, 0, 0, NULL, 0, 0, '', 0, NULL, 0, 0, NULL, 0, 0, NULL, 0),
(410, 413, 0, 0, 0, '0', 0, 0, '', 0, NULL, 0, 0, NULL, 0, 0, NULL, 0, 0, '', 0, NULL, 0, 0, NULL, 0, 0, NULL, 0),
(411, 414, 0, 0, 0, '0', 0, 0, '', 0, NULL, 0, 0, NULL, 0, 0, NULL, 0, 0, '', 0, NULL, 0, 0, NULL, 0, 0, NULL, 0),
(412, 415, 0, 0, 0, '0', 0, 0, '', 0, NULL, 0, 0, NULL, 0, 0, NULL, 0, 0, '', 0, NULL, 0, 0, NULL, 0, 0, NULL, 0),
(413, 416, 0, 0, 0, '0', 0, 0, '', 0, NULL, 0, 0, NULL, 0, 0, NULL, 0, 0, '', 0, NULL, 0, 0, NULL, 0, 0, NULL, 0),
(414, 417, 0, 0, 0, '0', 0, 0, '', 0, NULL, 0, 0, NULL, 0, 0, NULL, 0, 0, '', 0, NULL, 0, 0, NULL, 0, 0, NULL, 0),
(415, 418, 0, 0, 0, '0', 0, 0, '', 0, NULL, 0, 0, NULL, 0, 0, NULL, 0, 0, '', 0, NULL, 0, 0, NULL, 0, 0, NULL, 0),
(416, 419, 0, 0, 0, '0', 0, 0, '', 0, NULL, 0, 0, NULL, 0, 0, NULL, 0, 0, '', 0, NULL, 0, 0, NULL, 0, 0, NULL, 0),
(417, 420, 0, 0, 0, '0', 0, 0, '', 0, NULL, 0, 0, NULL, 0, 0, NULL, 0, 0, '', 0, NULL, 0, 0, NULL, 0, 0, NULL, 0),
(418, 421, 0, 0, 0, '0', 0, 0, '', 0, NULL, 0, 0, NULL, 0, 0, NULL, 0, 0, '', 0, NULL, 0, 0, NULL, 0, 0, NULL, 0),
(419, 422, 0, 0, 0, '0', 0, 0, '', 0, NULL, 0, 0, NULL, 0, 0, NULL, 0, 0, '', 0, NULL, 0, 0, NULL, 0, 0, NULL, 0),
(420, 423, 0, 0, 0, '0', 0, 0, '', 0, NULL, 0, 0, NULL, 0, 0, NULL, 0, 0, '', 0, NULL, 0, 0, NULL, 0, 0, NULL, 0),
(421, 424, 0, 0, 0, '0', 0, 0, '', 0, NULL, 0, 0, NULL, 0, 0, NULL, 0, 0, '', 0, NULL, 0, 0, NULL, 0, 0, NULL, 0),
(422, 425, 0, 0, 0, '0', 0, 0, '', 0, NULL, 0, 0, NULL, 0, 0, NULL, 0, 0, '', 0, NULL, 0, 0, NULL, 0, 0, NULL, 0),
(423, 426, 0, 0, 0, '0', 0, 0, '', 0, NULL, 0, 0, NULL, 0, 0, NULL, 0, 0, '', 0, NULL, 0, 0, NULL, 0, 0, NULL, 0),
(424, 427, 0, 0, 0, '0', 0, 0, '', 0, NULL, 0, 0, NULL, 0, 0, NULL, 0, 0, '', 0, NULL, 0, 0, NULL, 0, 0, NULL, 0),
(425, 428, 0, 0, 0, '0', 0, 0, '', 0, NULL, 0, 0, NULL, 0, 0, NULL, 0, 0, '', 0, NULL, 0, 0, NULL, 0, 0, NULL, 0),
(426, 429, 0, 0, 0, '0', 0, 0, '', 0, NULL, 0, 0, NULL, 0, 0, NULL, 0, 0, '', 0, NULL, 0, 0, NULL, 0, 0, NULL, 0),
(427, 430, 0, 0, 0, '0', 0, 0, '', 0, NULL, 0, 0, NULL, 0, 0, NULL, 0, 0, '', 0, NULL, 0, 0, NULL, 0, 0, NULL, 0),
(428, 431, 0, 0, 0, '0', 0, 0, '', 0, NULL, 0, 0, NULL, 0, 0, NULL, 0, 0, '', 0, NULL, 0, 0, NULL, 0, 0, NULL, 0),
(429, 432, 0, 0, 0, '0', 0, 0, '', 0, NULL, 0, 0, NULL, 0, 0, NULL, 0, 0, '', 0, NULL, 0, 0, NULL, 0, 0, NULL, 0),
(430, 433, 0, 0, 0, '0', 0, 0, '', 0, NULL, 0, 0, NULL, 0, 0, NULL, 0, 0, '', 0, NULL, 0, 0, NULL, 0, 0, NULL, 0),
(431, 434, 0, 0, 0, '0', 0, 0, '', 0, NULL, 0, 0, NULL, 0, 0, NULL, 0, 0, '', 0, NULL, 0, 0, NULL, 0, 0, NULL, 0),
(432, 435, 0, 0, 0, '0', 0, 0, '', 0, NULL, 0, 0, NULL, 0, 0, NULL, 0, 0, '', 0, NULL, 0, 0, NULL, 0, 0, NULL, 0),
(433, 436, 0, 0, 0, '0', 0, 0, '', 0, NULL, 0, 0, NULL, 0, 0, NULL, 0, 0, '', 0, NULL, 0, 0, NULL, 0, 0, NULL, 0),
(434, 437, 0, 0, 0, '0', 0, 0, '', 0, NULL, 0, 0, NULL, 0, 0, NULL, 0, 0, '', 0, NULL, 0, 0, NULL, 0, 0, NULL, 0),
(435, 438, 0, 0, 0, '0', 0, 0, '', 0, NULL, 0, 0, NULL, 0, 0, NULL, 0, 0, '', 0, NULL, 0, 0, NULL, 0, 0, NULL, 0),
(436, 439, 0, 0, 0, '0', 0, 0, '', 0, NULL, 0, 0, NULL, 0, 0, NULL, 0, 0, '', 0, NULL, 0, 0, NULL, 0, 0, NULL, 0),
(437, 440, 0, 0, 0, '0', 0, 0, '', 0, NULL, 0, 0, NULL, 0, 0, NULL, 0, 0, '', 0, NULL, 0, 0, NULL, 0, 0, NULL, 0),
(438, 441, 0, 0, 0, '0', 0, 0, '', 0, NULL, 0, 0, NULL, 0, 0, NULL, 0, 0, '', 0, NULL, 0, 0, NULL, 0, 0, NULL, 0),
(439, 442, 0, 0, 0, '0', 0, 0, '', 0, NULL, 0, 0, NULL, 0, 0, NULL, 0, 0, '', 0, NULL, 0, 0, NULL, 0, 0, NULL, 0),
(440, 443, 0, 0, 0, '0', 0, 0, '', 0, NULL, 0, 0, NULL, 0, 0, NULL, 0, 0, '', 0, NULL, 0, 0, NULL, 0, 0, NULL, 0),
(441, 444, 0, 0, 0, '0', 0, 0, '', 0, NULL, 0, 0, NULL, 0, 0, NULL, 0, 0, '', 0, NULL, 0, 0, NULL, 0, 0, NULL, 0),
(442, 445, 0, 0, 0, '0', 0, 0, '', 0, NULL, 0, 0, NULL, 0, 0, NULL, 0, 0, '', 0, NULL, 0, 0, NULL, 0, 0, NULL, 0),
(443, 446, 0, 0, 0, '0', 0, 0, '', 0, NULL, 0, 0, NULL, 0, 0, NULL, 0, 0, '', 0, NULL, 0, 0, NULL, 0, 0, NULL, 0),
(444, 447, 0, 0, 0, '0', 0, 0, '', 0, NULL, 0, 0, NULL, 0, 0, NULL, 0, 0, '', 0, NULL, 0, 0, NULL, 0, 0, NULL, 0),
(445, 448, 0, 0, 0, '0', 0, 0, '', 0, NULL, 0, 0, NULL, 0, 0, NULL, 0, 0, '', 0, NULL, 0, 0, NULL, 0, 0, NULL, 0),
(446, 449, 0, 0, 0, '0', 0, 0, '', 0, NULL, 0, 0, NULL, 0, 0, NULL, 0, 0, '', 0, NULL, 0, 0, NULL, 0, 0, NULL, 0),
(447, 450, 0, 0, 0, '0', 0, 0, '', 0, NULL, 0, 0, NULL, 0, 0, NULL, 0, 0, '', 0, NULL, 0, 0, NULL, 0, 0, NULL, 0),
(448, 451, 0, 0, 0, '0', 0, 0, '', 0, NULL, 0, 0, NULL, 0, 0, NULL, 0, 0, '', 0, NULL, 0, 0, NULL, 0, 0, NULL, 0),
(449, 452, 0, 0, 0, '0', 0, 0, '', 0, NULL, 0, 0, NULL, 0, 0, NULL, 0, 0, '', 0, NULL, 0, 0, NULL, 0, 0, NULL, 0),
(450, 453, 0, 0, 0, '0', 0, 0, '', 0, NULL, 0, 0, NULL, 0, 0, NULL, 0, 0, '', 0, NULL, 0, 0, NULL, 0, 0, NULL, 0),
(451, 454, 0, 0, 0, '0', 0, 0, '', 0, NULL, 0, 0, NULL, 0, 0, NULL, 0, 0, '', 0, NULL, 0, 0, NULL, 0, 0, NULL, 0),
(452, 455, 0, 0, 0, '0', 0, 0, '', 0, NULL, 0, 0, NULL, 0, 0, NULL, 0, 0, '', 0, NULL, 0, 0, NULL, 0, 0, NULL, 0),
(453, 456, 0, 0, 0, '0', 0, 0, '', 0, NULL, 0, 0, NULL, 0, 0, NULL, 0, 0, '', 0, NULL, 0, 0, NULL, 0, 0, NULL, 0),
(454, 457, 0, 0, 0, '0', 0, 0, '', 0, NULL, 0, 0, NULL, 0, 0, NULL, 0, 0, '', 0, NULL, 0, 0, NULL, 0, 0, NULL, 0),
(455, 458, 0, 0, 0, '0', 0, 0, '', 0, NULL, 0, 0, NULL, 0, 0, NULL, 0, 0, '', 0, NULL, 0, 0, NULL, 0, 0, NULL, 0),
(456, 459, 0, 0, 0, '0', 0, 0, '', 0, NULL, 0, 0, NULL, 0, 0, NULL, 0, 0, '', 0, NULL, 0, 0, NULL, 0, 0, NULL, 0),
(457, 460, 0, 0, 0, '0', 0, 0, '', 0, NULL, 0, 0, NULL, 0, 0, NULL, 0, 0, '', 0, NULL, 0, 0, NULL, 0, 0, NULL, 0),
(458, 461, 0, 0, 0, '0', 0, 0, '', 0, NULL, 0, 0, NULL, 0, 0, NULL, 0, 0, '', 0, NULL, 0, 0, NULL, 0, 0, NULL, 0),
(459, 462, 0, 0, 0, '0', 0, 0, '', 0, NULL, 0, 0, NULL, 0, 0, NULL, 0, 0, '', 0, NULL, 0, 0, NULL, 0, 0, NULL, 0),
(460, 463, 0, 0, 0, '0', 0, 0, '', 0, NULL, 0, 0, NULL, 0, 0, NULL, 0, 0, '', 0, NULL, 0, 0, NULL, 0, 0, NULL, 0),
(461, 464, 0, 0, 0, '0', 0, 0, '', 0, NULL, 0, 0, NULL, 0, 0, NULL, 0, 0, '', 0, NULL, 0, 0, NULL, 0, 0, NULL, 0),
(462, 465, 0, 0, 0, '0', 0, 0, '', 0, NULL, 0, 0, NULL, 0, 0, NULL, 0, 0, '', 0, NULL, 0, 0, NULL, 0, 0, NULL, 0),
(463, 466, 0, 0, 0, '0', 0, 0, '', 0, NULL, 0, 0, NULL, 0, 0, NULL, 0, 0, '', 0, NULL, 0, 0, NULL, 0, 0, NULL, 0),
(464, 467, 0, 0, 0, '0', 0, 0, '', 0, NULL, 0, 0, NULL, 0, 0, NULL, 0, 0, '', 0, NULL, 0, 0, NULL, 0, 0, NULL, 0),
(465, 468, 0, 0, 0, '0', 0, 0, '', 0, NULL, 0, 0, NULL, 0, 0, NULL, 0, 0, '', 0, NULL, 0, 0, NULL, 0, 0, NULL, 0),
(466, 469, 0, 0, 0, '0', 0, 0, '', 0, NULL, 0, 0, NULL, 0, 0, NULL, 0, 0, '', 0, NULL, 0, 0, NULL, 0, 0, NULL, 0),
(467, 470, 0, 0, 0, '0', 0, 0, '', 0, NULL, 0, 0, NULL, 0, 0, NULL, 0, 0, '', 0, NULL, 0, 0, NULL, 0, 0, NULL, 0),
(468, 471, 0, 0, 0, '0', 0, 0, '', 0, NULL, 0, 0, NULL, 0, 0, NULL, 0, 0, '', 0, NULL, 0, 0, NULL, 0, 0, NULL, 0),
(469, 472, 0, 0, 0, '0', 0, 0, '', 0, NULL, 0, 0, NULL, 0, 0, NULL, 0, 0, '', 0, NULL, 0, 0, NULL, 0, 0, NULL, 0),
(470, 473, 0, 0, 0, '0', 0, 0, '', 0, NULL, 0, 0, NULL, 0, 0, NULL, 0, 0, '', 0, NULL, 0, 0, NULL, 0, 0, NULL, 0),
(471, 474, 0, 0, 0, '0', 0, 0, '', 0, NULL, 0, 0, NULL, 0, 0, NULL, 0, 0, '', 0, NULL, 0, 0, NULL, 0, 0, NULL, 0),
(472, 475, 0, 0, 0, '0', 0, 0, '', 0, NULL, 0, 0, NULL, 0, 0, NULL, 0, 0, '', 0, NULL, 0, 0, NULL, 0, 0, NULL, 0),
(473, 476, 0, 0, 0, '0', 0, 0, '', 0, NULL, 0, 0, NULL, 0, 0, NULL, 0, 0, '', 0, NULL, 0, 0, NULL, 0, 0, NULL, 0),
(474, 477, 0, 0, 0, '0', 0, 0, '', 0, NULL, 0, 0, NULL, 0, 0, NULL, 0, 0, '', 0, NULL, 0, 0, NULL, 0, 0, NULL, 0),
(475, 478, 0, 0, 0, '0', 0, 0, '', 0, NULL, 0, 0, NULL, 0, 0, NULL, 0, 0, '', 0, NULL, 0, 0, NULL, 0, 0, NULL, 0),
(476, 479, 0, 0, 0, '0', 0, 0, '', 0, NULL, 0, 0, NULL, 0, 0, NULL, 0, 0, '', 0, NULL, 0, 0, NULL, 0, 0, NULL, 0),
(477, 480, 0, 0, 0, '0', 0, 0, '', 0, NULL, 0, 0, NULL, 0, 0, NULL, 0, 0, '', 0, NULL, 0, 0, NULL, 0, 0, NULL, 0),
(478, 481, 0, 0, 0, '0', 0, 0, '', 0, NULL, 0, 0, NULL, 0, 0, NULL, 0, 0, '', 0, NULL, 0, 0, NULL, 0, 0, NULL, 0),
(479, 482, 0, 0, 0, '0', 0, 0, '', 0, NULL, 0, 0, NULL, 0, 0, NULL, 0, 0, '', 0, NULL, 0, 0, NULL, 0, 0, NULL, 0),
(480, 483, 0, 0, 0, '0', 0, 0, '', 0, NULL, 0, 0, NULL, 0, 0, NULL, 0, 0, '', 0, NULL, 0, 0, NULL, 0, 0, NULL, 0),
(481, 484, 0, 0, 0, '0', 0, 0, '', 0, NULL, 0, 0, NULL, 0, 0, NULL, 0, 0, '', 0, NULL, 0, 0, NULL, 0, 0, NULL, 0),
(482, 485, 0, 0, 0, '0', 0, 0, '', 0, NULL, 0, 0, NULL, 0, 0, NULL, 0, 0, '', 0, NULL, 0, 0, NULL, 0, 0, NULL, 0),
(483, 486, 0, 0, 0, '0', 0, 0, '', 0, NULL, 0, 0, NULL, 0, 0, NULL, 0, 0, '', 0, NULL, 0, 0, NULL, 0, 0, NULL, 0),
(484, 487, 0, 0, 0, '0', 0, 0, '', 0, NULL, 0, 0, NULL, 0, 0, NULL, 0, 0, '', 0, NULL, 0, 0, NULL, 0, 0, NULL, 0),
(485, 488, 0, 0, 0, '0', 0, 0, '', 0, NULL, 0, 0, NULL, 0, 0, NULL, 0, 0, '', 0, NULL, 0, 0, NULL, 0, 0, NULL, 0),
(486, 489, 0, 0, 0, '0', 0, 0, '', 0, NULL, 0, 0, NULL, 0, 0, NULL, 0, 0, '', 0, NULL, 0, 0, NULL, 0, 0, NULL, 0),
(487, 490, 0, 0, 0, '0', 0, 0, '', 0, NULL, 0, 0, NULL, 0, 0, NULL, 0, 0, '', 0, NULL, 0, 0, NULL, 0, 0, NULL, 0),
(488, 491, 0, 0, 0, '0', 0, 0, '', 0, NULL, 0, 0, NULL, 0, 0, NULL, 0, 0, '', 0, NULL, 0, 0, NULL, 0, 0, NULL, 0),
(489, 492, 0, 0, 0, '0', 0, 0, '', 0, NULL, 0, 0, NULL, 0, 0, NULL, 0, 0, '', 0, NULL, 0, 0, NULL, 0, 0, NULL, 0),
(490, 493, 0, 0, 0, '0', 0, 0, '', 0, NULL, 0, 0, NULL, 0, 0, NULL, 0, 0, '', 0, NULL, 0, 0, NULL, 0, 0, NULL, 0),
(491, 494, 0, 0, 0, '0', 0, 0, '', 0, NULL, 0, 0, NULL, 0, 0, NULL, 0, 0, '', 0, NULL, 0, 0, NULL, 0, 0, NULL, 0),
(492, 495, 0, 0, 0, '0', 0, 0, '', 0, NULL, 0, 0, NULL, 0, 0, NULL, 0, 0, '', 0, NULL, 0, 0, NULL, 0, 0, NULL, 0),
(493, 496, 0, 0, 0, '0', 0, 0, '', 0, NULL, 0, 0, NULL, 0, 0, NULL, 0, 0, '', 0, NULL, 0, 0, NULL, 0, 0, NULL, 0),
(494, 497, 0, 0, 0, '0', 0, 0, '', 0, NULL, 0, 0, NULL, 0, 0, NULL, 0, 0, '', 0, NULL, 0, 0, NULL, 0, 0, NULL, 0),
(495, 498, 0, 0, 0, '0', 0, 0, '', 0, NULL, 0, 0, NULL, 0, 0, NULL, 0, 0, '', 0, NULL, 0, 0, NULL, 0, 0, NULL, 0),
(496, 499, 0, 0, 0, '0', 0, 0, '', 0, NULL, 0, 0, NULL, 0, 0, NULL, 0, 0, '', 0, NULL, 0, 0, NULL, 0, 0, NULL, 0),
(497, 500, 0, 0, 0, '0', 0, 0, '', 0, NULL, 0, 0, NULL, 0, 0, NULL, 0, 0, '', 0, NULL, 0, 0, NULL, 0, 0, NULL, 0),
(498, 501, 0, 0, 0, '0', 0, 0, '', 0, NULL, 0, 0, NULL, 0, 0, NULL, 0, 0, '', 0, NULL, 0, 0, NULL, 0, 0, NULL, 0),
(499, 502, 0, 0, 0, '0', 0, 0, '', 0, NULL, 0, 0, NULL, 0, 0, NULL, 0, 0, '', 0, NULL, 0, 0, NULL, 0, 0, NULL, 0),
(500, 503, 0, 0, 0, '0', 0, 0, '', 0, NULL, 0, 0, NULL, 0, 0, NULL, 0, 0, '', 0, NULL, 0, 0, NULL, 0, 0, NULL, 0),
(501, 504, 0, 0, 0, '0', 0, 0, '', 0, NULL, 0, 0, NULL, 0, 0, NULL, 0, 0, '', 0, NULL, 0, 0, NULL, 0, 0, NULL, 0),
(502, 505, 0, 0, 0, '0', 0, 0, '', 0, NULL, 0, 0, NULL, 0, 0, NULL, 0, 0, '', 0, NULL, 0, 0, NULL, 0, 0, NULL, 0),
(503, 506, 0, 0, 0, '0', 0, 0, '', 0, NULL, 0, 0, NULL, 0, 0, NULL, 0, 0, '', 0, NULL, 0, 0, NULL, 0, 0, NULL, 0),
(504, 507, 0, 0, 0, '0', 0, 0, '', 0, NULL, 0, 0, NULL, 0, 0, NULL, 0, 0, '', 0, NULL, 0, 0, NULL, 0, 0, NULL, 0),
(505, 508, 0, 0, 0, '0', 0, 0, '', 0, NULL, 0, 0, NULL, 0, 0, NULL, 0, 0, '', 0, NULL, 0, 0, NULL, 0, 0, NULL, 0),
(506, 509, 0, 0, 0, '0', 0, 0, '', 0, NULL, 0, 0, NULL, 0, 0, NULL, 0, 0, '', 0, NULL, 0, 0, NULL, 0, 0, NULL, 0),
(507, 510, 0, 0, 0, '0', 0, 0, '', 0, NULL, 0, 0, NULL, 0, 0, NULL, 0, 0, '', 0, NULL, 0, 0, NULL, 0, 0, NULL, 0),
(508, 511, 0, 0, 0, '0', 0, 0, '', 0, NULL, 0, 0, NULL, 0, 0, NULL, 0, 0, '', 0, NULL, 0, 0, NULL, 0, 0, NULL, 0),
(509, 512, 0, 0, 0, '0', 0, 0, '', 0, NULL, 0, 0, NULL, 0, 0, NULL, 0, 0, '', 0, NULL, 0, 0, NULL, 0, 0, NULL, 0),
(510, 513, 0, 0, 0, '0', 0, 0, '', 0, NULL, 0, 0, NULL, 0, 0, NULL, 0, 0, '', 0, NULL, 0, 0, NULL, 0, 0, NULL, 0),
(511, 514, 0, 0, 0, '0', 0, 0, '', 0, NULL, 0, 0, NULL, 0, 0, NULL, 0, 0, '', 0, NULL, 0, 0, NULL, 0, 0, NULL, 0),
(512, 515, 0, 0, 0, '0', 0, 0, '', 0, NULL, 0, 0, NULL, 0, 0, NULL, 0, 0, '', 0, NULL, 0, 0, NULL, 0, 0, NULL, 0),
(513, 516, 0, 0, 0, '0', 0, 0, '', 0, NULL, 0, 0, NULL, 0, 0, NULL, 0, 0, '', 0, NULL, 0, 0, NULL, 0, 0, NULL, 0),
(514, 517, 0, 0, 0, '0', 0, 0, '', 0, NULL, 0, 0, NULL, 0, 0, NULL, 0, 0, '', 0, NULL, 0, 0, NULL, 0, 0, NULL, 0),
(515, 518, 0, 0, 0, '0', 0, 0, '', 0, NULL, 0, 0, NULL, 0, 0, NULL, 0, 0, '', 0, NULL, 0, 0, NULL, 0, 0, NULL, 0),
(516, 519, 0, 0, 0, '0', 0, 0, '', 0, NULL, 0, 0, NULL, 0, 0, NULL, 0, 0, '', 0, NULL, 0, 0, NULL, 0, 0, NULL, 0),
(517, 520, 0, 0, 0, '0', 0, 0, '', 0, NULL, 0, 0, NULL, 0, 0, NULL, 0, 0, '', 0, NULL, 0, 0, NULL, 0, 0, NULL, 0),
(518, 521, 0, 0, 0, '0', 0, 0, '', 0, NULL, 0, 0, NULL, 0, 0, NULL, 0, 0, '', 0, NULL, 0, 0, NULL, 0, 0, NULL, 0),
(519, 522, 0, 0, 0, '0', 0, 0, '', 0, NULL, 0, 0, NULL, 0, 0, NULL, 0, 0, '', 0, NULL, 0, 0, NULL, 0, 0, NULL, 0),
(520, 523, 0, 0, 0, '0', 0, 0, '', 0, NULL, 0, 0, NULL, 0, 0, NULL, 0, 0, '', 0, NULL, 0, 0, NULL, 0, 0, NULL, 0),
(521, 524, 0, 0, 0, '0', 0, 0, '', 0, NULL, 0, 0, NULL, 0, 0, NULL, 0, 0, '', 0, NULL, 0, 0, NULL, 0, 0, NULL, 0),
(522, 525, 0, 0, 0, '0', 0, 0, '', 0, NULL, 0, 0, NULL, 0, 0, NULL, 0, 0, '', 0, NULL, 0, 0, NULL, 0, 0, NULL, 0),
(523, 526, 0, 0, 0, '0', 0, 0, '', 0, NULL, 0, 0, NULL, 0, 0, NULL, 0, 0, '', 0, NULL, 0, 0, NULL, 0, 0, NULL, 0),
(524, 527, 0, 0, 0, '0', 0, 0, '', 0, NULL, 0, 0, NULL, 0, 0, NULL, 0, 0, '', 0, NULL, 0, 0, NULL, 0, 0, NULL, 0),
(525, 528, 0, 0, 0, '0', 0, 0, '', 0, NULL, 0, 0, NULL, 0, 0, NULL, 0, 0, '', 0, NULL, 0, 0, NULL, 0, 0, NULL, 0),
(526, 529, 0, 0, 0, '0', 0, 0, '', 0, NULL, 0, 0, NULL, 0, 0, NULL, 0, 0, '', 0, NULL, 0, 0, NULL, 0, 0, NULL, 0),
(527, 530, 0, 0, 0, '0', 0, 0, '', 0, NULL, 0, 0, NULL, 0, 0, NULL, 0, 0, '', 0, NULL, 0, 0, NULL, 0, 0, NULL, 0),
(528, 531, 0, 0, 0, '0', 0, 0, '', 0, NULL, 0, 0, NULL, 0, 0, NULL, 0, 0, '', 0, NULL, 0, 0, NULL, 0, 0, NULL, 0),
(529, 532, 0, 0, 0, '0', 0, 0, '', 0, NULL, 0, 0, NULL, 0, 0, NULL, 0, 0, '', 0, NULL, 0, 0, NULL, 0, 0, NULL, 0),
(530, 533, 0, 0, 0, '0', 0, 0, '', 0, NULL, 0, 0, NULL, 0, 0, NULL, 0, 0, '', 0, NULL, 0, 0, NULL, 0, 0, NULL, 0),
(531, 534, 0, 0, 0, '0', 0, 0, '', 0, NULL, 0, 0, NULL, 0, 0, NULL, 0, 0, '', 0, NULL, 0, 0, NULL, 0, 0, NULL, 0),
(532, 535, 0, 0, 0, '0', 0, 0, '', 0, NULL, 0, 0, NULL, 0, 0, NULL, 0, 0, '', 0, NULL, 0, 0, NULL, 0, 0, NULL, 0),
(533, 536, 0, 0, 0, '0', 0, 0, '', 0, NULL, 0, 0, NULL, 0, 0, NULL, 0, 0, '', 0, NULL, 0, 0, NULL, 0, 0, NULL, 0),
(534, 537, 0, 0, 0, '0', 0, 0, '', 0, NULL, 0, 0, NULL, 0, 0, NULL, 0, 0, '', 0, NULL, 0, 0, NULL, 0, 0, NULL, 0),
(535, 538, 0, 0, 0, '0', 0, 0, '', 0, NULL, 0, 0, NULL, 0, 0, NULL, 0, 0, '', 0, NULL, 0, 0, NULL, 0, 0, NULL, 0),
(536, 539, 0, 0, 0, '0', 0, 0, '', 0, NULL, 0, 0, NULL, 0, 0, NULL, 0, 0, '', 0, NULL, 0, 0, NULL, 0, 0, NULL, 0),
(537, 540, 0, 0, 0, '0', 0, 0, '', 0, NULL, 0, 0, NULL, 0, 0, NULL, 0, 0, '', 0, NULL, 0, 0, NULL, 0, 0, NULL, 0),
(538, 541, 0, 0, 0, '0', 0, 0, '', 0, NULL, 0, 0, NULL, 0, 0, NULL, 0, 0, '', 0, NULL, 0, 0, NULL, 0, 0, NULL, 0),
(539, 542, 0, 0, 0, '0', 0, 0, '', 0, NULL, 0, 0, NULL, 0, 0, NULL, 0, 0, '', 0, NULL, 0, 0, NULL, 0, 0, NULL, 0),
(540, 543, 0, 0, 0, '0', 0, 0, '', 0, NULL, 0, 0, NULL, 0, 0, NULL, 0, 0, '', 0, NULL, 0, 0, NULL, 0, 0, NULL, 0),
(541, 544, 0, 0, 0, '0', 0, 0, '', 0, NULL, 0, 0, NULL, 0, 0, NULL, 0, 0, '', 0, NULL, 0, 0, NULL, 0, 0, NULL, 0),
(542, 545, 0, 0, 0, '0', 0, 0, '', 0, NULL, 0, 0, NULL, 0, 0, NULL, 0, 0, '', 0, NULL, 0, 0, NULL, 0, 0, NULL, 0),
(543, 546, 0, 0, 0, '0', 0, 0, '', 0, NULL, 0, 0, NULL, 0, 0, NULL, 0, 0, '', 0, NULL, 0, 0, NULL, 0, 0, NULL, 0),
(544, 547, 0, 0, 0, '0', 0, 0, '', 0, NULL, 0, 0, NULL, 0, 0, NULL, 0, 0, '', 0, NULL, 0, 0, NULL, 0, 0, NULL, 0),
(545, 548, 0, 0, 0, '0', 0, 0, '', 0, NULL, 0, 0, NULL, 0, 0, NULL, 0, 0, '', 0, NULL, 0, 0, NULL, 0, 0, NULL, 0),
(546, 549, 0, 0, 0, '0', 0, 0, '', 0, NULL, 0, 0, NULL, 0, 0, NULL, 0, 0, '', 0, NULL, 0, 0, NULL, 0, 0, NULL, 0),
(547, 550, 0, 0, 0, '0', 0, 0, '', 0, NULL, 0, 0, NULL, 0, 0, NULL, 0, 0, '', 0, NULL, 0, 0, NULL, 0, 0, NULL, 0),
(548, 551, 0, 0, 0, '0', 0, 0, '', 0, NULL, 0, 0, NULL, 0, 0, NULL, 0, 0, '', 0, NULL, 0, 0, NULL, 0, 0, NULL, 0),
(549, 552, 0, 0, 0, '0', 0, 0, '', 0, NULL, 0, 0, NULL, 0, 0, NULL, 0, 0, '', 0, NULL, 0, 0, NULL, 0, 0, NULL, 0),
(550, 553, 0, 0, 0, '0', 0, 0, '', 0, NULL, 0, 0, NULL, 0, 0, NULL, 0, 0, '', 0, NULL, 0, 0, NULL, 0, 0, NULL, 0),
(551, 554, 0, 0, 0, '0', 0, 0, '', 0, NULL, 0, 0, NULL, 0, 0, NULL, 0, 0, '', 0, NULL, 0, 0, NULL, 0, 0, NULL, 0),
(552, 555, 0, 0, 0, '0', 0, 0, '', 0, NULL, 0, 0, NULL, 0, 0, NULL, 0, 0, '', 0, NULL, 0, 0, NULL, 0, 0, NULL, 0),
(553, 556, 0, 0, 0, '0', 0, 0, '', 0, NULL, 0, 0, NULL, 0, 0, NULL, 0, 0, '', 0, NULL, 0, 0, NULL, 0, 0, NULL, 0),
(554, 557, 0, 0, 0, '0', 0, 0, '', 0, NULL, 0, 0, NULL, 0, 0, NULL, 0, 0, '', 0, NULL, 0, 0, NULL, 0, 0, NULL, 0),
(555, 558, 0, 0, 0, '0', 0, 0, '', 0, NULL, 0, 0, NULL, 0, 0, NULL, 0, 0, '', 0, NULL, 0, 0, NULL, 0, 0, NULL, 0),
(556, 559, 0, 0, 0, '0', 0, 0, '', 0, NULL, 0, 0, NULL, 0, 0, NULL, 0, 0, '', 0, NULL, 0, 0, NULL, 0, 0, NULL, 0),
(557, 560, 0, 0, 0, '0', 0, 0, '', 0, NULL, 0, 0, NULL, 0, 0, NULL, 0, 0, '', 0, NULL, 0, 0, NULL, 0, 0, NULL, 0),
(558, 561, 0, 0, 0, '0', 0, 0, '', 0, NULL, 0, 0, NULL, 0, 0, NULL, 0, 0, '', 0, NULL, 0, 0, NULL, 0, 0, NULL, 0),
(559, 562, 0, 0, 0, '0', 0, 0, '', 0, NULL, 0, 0, NULL, 0, 0, NULL, 0, 0, '', 0, NULL, 0, 0, NULL, 0, 0, NULL, 0),
(560, 563, 0, 0, 0, '0', 0, 0, '', 0, NULL, 0, 0, NULL, 0, 0, NULL, 0, 0, '', 0, NULL, 0, 0, NULL, 0, 0, NULL, 0),
(561, 564, 0, 0, 0, '0', 0, 0, '', 0, NULL, 0, 0, NULL, 0, 0, NULL, 0, 0, '', 0, NULL, 0, 0, NULL, 0, 0, NULL, 0),
(562, 565, 0, 0, 0, '0', 0, 0, '', 0, NULL, 0, 0, NULL, 0, 0, NULL, 0, 0, '', 0, NULL, 0, 0, NULL, 0, 0, NULL, 0),
(563, 566, 0, 0, 0, '0', 0, 0, '', 0, NULL, 0, 0, NULL, 0, 0, NULL, 0, 0, '', 0, NULL, 0, 0, NULL, 0, 0, NULL, 0),
(564, 567, 0, 0, 0, '0', 0, 0, '', 0, NULL, 0, 0, NULL, 0, 0, NULL, 0, 0, '', 0, NULL, 0, 0, NULL, 0, 0, NULL, 0),
(565, 568, 0, 0, 0, '0', 0, 0, '', 0, NULL, 0, 0, NULL, 0, 0, NULL, 0, 0, '', 0, NULL, 0, 0, NULL, 0, 0, NULL, 0),
(566, 569, 0, 0, 0, '0', 0, 0, '', 0, NULL, 0, 0, NULL, 0, 0, NULL, 0, 0, '', 0, NULL, 0, 0, NULL, 0, 0, NULL, 0),
(567, 570, 0, 0, 0, '0', 0, 0, '', 0, NULL, 0, 0, NULL, 0, 0, NULL, 0, 0, '', 0, NULL, 0, 0, NULL, 0, 0, NULL, 0),
(568, 571, 0, 0, 0, '0', 0, 0, '', 0, NULL, 0, 0, NULL, 0, 0, NULL, 0, 0, '', 0, NULL, 0, 0, NULL, 0, 0, NULL, 0),
(569, 572, 0, 0, 0, '0', 0, 0, '', 0, NULL, 0, 0, NULL, 0, 0, NULL, 0, 0, '', 0, NULL, 0, 0, NULL, 0, 0, NULL, 0),
(570, 573, 0, 0, 0, '0', 0, 0, '', 0, NULL, 0, 0, NULL, 0, 0, NULL, 0, 0, '', 0, NULL, 0, 0, NULL, 0, 0, NULL, 0),
(571, 574, 0, 0, 0, '0', 0, 0, '', 0, NULL, 0, 0, NULL, 0, 0, NULL, 0, 0, '', 0, NULL, 0, 0, NULL, 0, 0, NULL, 0),
(572, 575, 0, 0, 0, '0', 0, 0, '', 0, NULL, 0, 0, NULL, 0, 0, NULL, 0, 0, '', 0, NULL, 0, 0, NULL, 0, 0, NULL, 0),
(573, 576, 0, 0, 0, '0', 0, 0, '', 0, NULL, 0, 0, NULL, 0, 0, NULL, 0, 0, '', 0, NULL, 0, 0, NULL, 0, 0, NULL, 0),
(574, 577, 0, 0, 0, '0', 0, 0, '', 0, NULL, 0, 0, NULL, 0, 0, NULL, 0, 0, '', 0, NULL, 0, 0, NULL, 0, 0, NULL, 0),
(575, 578, 0, 0, 0, '0', 0, 0, '', 0, NULL, 0, 0, NULL, 0, 0, NULL, 0, 0, '', 0, NULL, 0, 0, NULL, 0, 0, NULL, 0),
(576, 579, 0, 0, 0, '0', 0, 0, '', 0, NULL, 0, 0, NULL, 0, 0, NULL, 0, 0, '', 0, NULL, 0, 0, NULL, 0, 0, NULL, 0),
(577, 580, 0, 0, 0, '0', 0, 0, '', 0, NULL, 0, 0, NULL, 0, 0, NULL, 0, 0, '', 0, NULL, 0, 0, NULL, 0, 0, NULL, 0),
(578, 581, 0, 0, 0, '0', 0, 0, '', 0, NULL, 0, 0, NULL, 0, 0, NULL, 0, 0, '', 0, NULL, 0, 0, NULL, 0, 0, NULL, 0),
(579, 582, 0, 0, 0, '0', 0, 0, '', 0, NULL, 0, 0, NULL, 0, 0, NULL, 0, 0, '', 0, NULL, 0, 0, NULL, 0, 0, NULL, 0),
(580, 583, 0, 0, 0, '0', 0, 0, '', 0, NULL, 0, 0, NULL, 0, 0, NULL, 0, 0, '', 0, NULL, 0, 0, NULL, 0, 0, NULL, 0),
(581, 584, 0, 0, 0, '0', 0, 0, '', 0, NULL, 0, 0, NULL, 0, 0, NULL, 0, 0, '', 0, NULL, 0, 0, NULL, 0, 0, NULL, 0),
(582, 585, 0, 0, 0, '0', 0, 0, '', 0, NULL, 0, 0, NULL, 0, 0, NULL, 0, 0, '', 0, NULL, 0, 0, NULL, 0, 0, NULL, 0),
(583, 586, 0, 0, 0, '0', 0, 0, '', 0, NULL, 0, 0, NULL, 0, 0, NULL, 0, 0, '', 0, NULL, 0, 0, NULL, 0, 0, NULL, 0),
(584, 587, 0, 0, 0, '0', 0, 0, '', 0, NULL, 0, 0, NULL, 0, 0, NULL, 0, 0, '', 0, NULL, 0, 0, NULL, 0, 0, NULL, 0),
(585, 588, 0, 0, 0, '0', 0, 0, '', 0, NULL, 0, 0, NULL, 0, 0, NULL, 0, 0, '', 0, NULL, 0, 0, NULL, 0, 0, NULL, 0),
(586, 589, 0, 0, 0, '0', 0, 0, '', 0, NULL, 0, 0, NULL, 0, 0, NULL, 0, 0, '', 0, NULL, 0, 0, NULL, 0, 0, NULL, 0),
(587, 590, 0, 0, 0, '0', 0, 0, '', 0, NULL, 0, 0, NULL, 0, 0, NULL, 0, 0, '', 0, NULL, 0, 0, NULL, 0, 0, NULL, 0),
(588, 591, 0, 0, 0, '0', 0, 0, '', 0, NULL, 0, 0, NULL, 0, 0, NULL, 0, 0, '', 0, NULL, 0, 0, NULL, 0, 0, NULL, 0),
(589, 592, 0, 0, 0, '0', 0, 0, '', 0, NULL, 0, 0, NULL, 0, 0, NULL, 0, 0, '', 0, NULL, 0, 0, NULL, 0, 0, NULL, 0),
(590, 593, 0, 0, 0, '0', 0, 0, '', 0, NULL, 0, 0, NULL, 0, 0, NULL, 0, 0, '', 0, NULL, 0, 0, NULL, 0, 0, NULL, 0),
(591, 594, 0, 0, 0, '0', 0, 0, '', 0, NULL, 0, 0, NULL, 0, 0, NULL, 0, 0, '', 0, NULL, 0, 0, NULL, 0, 0, NULL, 0),
(592, 595, 0, 0, 0, '0', 0, 0, '', 0, NULL, 0, 0, NULL, 0, 0, NULL, 0, 0, '', 0, NULL, 0, 0, NULL, 0, 0, NULL, 0),
(593, 596, 0, 0, 0, '0', 0, 0, '', 0, NULL, 0, 0, NULL, 0, 0, NULL, 0, 0, '', 0, NULL, 0, 0, NULL, 0, 0, NULL, 0),
(594, 597, 0, 0, 0, '0', 0, 0, '', 0, NULL, 0, 0, NULL, 0, 0, NULL, 0, 0, '', 0, NULL, 0, 0, NULL, 0, 0, NULL, 0),
(595, 598, 0, 0, 0, '0', 0, 0, '', 0, NULL, 0, 0, NULL, 0, 0, NULL, 0, 0, '', 0, NULL, 0, 0, NULL, 0, 0, NULL, 0),
(596, 599, 0, 0, 0, '0', 0, 0, '', 0, NULL, 0, 0, NULL, 0, 0, NULL, 0, 0, '', 0, NULL, 0, 0, NULL, 0, 0, NULL, 0),
(597, 600, 0, 0, 0, '0', 0, 0, '', 0, NULL, 0, 0, NULL, 0, 0, NULL, 0, 0, '', 0, NULL, 0, 0, NULL, 0, 0, NULL, 0),
(598, 601, 0, 0, 0, '0', 0, 0, '', 0, NULL, 0, 0, NULL, 0, 0, NULL, 0, 0, '', 0, NULL, 0, 0, NULL, 0, 0, NULL, 0),
(599, 602, 0, 0, 0, '0', 0, 0, '', 0, NULL, 0, 0, NULL, 0, 0, NULL, 0, 0, '', 0, NULL, 0, 0, NULL, 0, 0, NULL, 0),
(600, 603, 0, 0, 0, '0', 0, 0, '', 0, NULL, 0, 0, NULL, 0, 0, NULL, 0, 0, '', 0, NULL, 0, 0, NULL, 0, 0, NULL, 0),
(601, 604, 0, 0, 0, '0', 0, 0, '', 0, NULL, 0, 0, NULL, 0, 0, NULL, 0, 0, '', 0, NULL, 0, 0, NULL, 0, 0, NULL, 0),
(602, 605, 0, 0, 0, '0', 0, 0, '', 0, NULL, 0, 0, NULL, 0, 0, NULL, 0, 0, '', 0, NULL, 0, 0, NULL, 0, 0, NULL, 0),
(603, 606, 0, 0, 0, '0', 0, 0, '', 0, NULL, 0, 0, NULL, 0, 0, NULL, 0, 0, '', 0, NULL, 0, 0, NULL, 0, 0, NULL, 0),
(604, 607, 0, 0, 0, '0', 0, 0, '', 0, NULL, 0, 0, NULL, 0, 0, NULL, 0, 0, '', 0, NULL, 0, 0, NULL, 0, 0, NULL, 0),
(605, 608, 0, 0, 0, '0', 0, 0, '', 0, NULL, 0, 0, NULL, 0, 0, NULL, 0, 0, '', 0, NULL, 0, 0, NULL, 0, 0, NULL, 0),
(606, 609, 0, 0, 0, '0', 0, 0, '', 0, NULL, 0, 0, NULL, 0, 0, NULL, 0, 0, '', 0, NULL, 0, 0, NULL, 0, 0, NULL, 0),
(607, 610, 0, 0, 0, '0', 0, 0, '', 0, NULL, 0, 0, NULL, 0, 0, NULL, 0, 0, '', 0, NULL, 0, 0, NULL, 0, 0, NULL, 0),
(608, 611, 0, 0, 0, '0', 0, 0, '', 0, NULL, 0, 0, NULL, 0, 0, NULL, 0, 0, '', 0, NULL, 0, 0, NULL, 0, 0, NULL, 0),
(609, 612, 0, 0, 0, '0', 0, 0, '', 0, NULL, 0, 0, NULL, 0, 0, NULL, 0, 0, '', 0, NULL, 0, 0, NULL, 0, 0, NULL, 0),
(610, 613, 0, 0, 0, '0', 0, 0, '', 0, NULL, 0, 0, NULL, 0, 0, NULL, 0, 0, '', 0, NULL, 0, 0, NULL, 0, 0, NULL, 0),
(611, 614, 0, 0, 0, '0', 0, 0, '', 0, NULL, 0, 0, NULL, 0, 0, NULL, 0, 0, '', 0, NULL, 0, 0, NULL, 0, 0, NULL, 0),
(612, 615, 0, 0, 0, '0', 0, 0, '', 0, NULL, 0, 0, NULL, 0, 0, NULL, 0, 0, '', 0, NULL, 0, 0, NULL, 0, 0, NULL, 0),
(613, 616, 0, 0, 0, '0', 0, 0, '', 0, NULL, 0, 0, NULL, 0, 0, NULL, 0, 0, '', 0, NULL, 0, 0, NULL, 0, 0, NULL, 0),
(614, 617, 0, 0, 0, '0', 0, 0, '', 0, NULL, 0, 0, NULL, 0, 0, NULL, 0, 0, '', 0, NULL, 0, 0, NULL, 0, 0, NULL, 0),
(615, 618, 0, 0, 0, '0', 0, 0, '', 0, NULL, 0, 0, NULL, 0, 0, NULL, 0, 0, '', 0, NULL, 0, 0, NULL, 0, 0, NULL, 0),
(616, 619, 0, 0, 0, '0', 0, 0, '', 0, NULL, 0, 0, NULL, 0, 0, NULL, 0, 0, '', 0, NULL, 0, 0, NULL, 0, 0, NULL, 0),
(617, 620, 0, 0, 0, '0', 0, 0, '', 0, NULL, 0, 0, NULL, 0, 0, NULL, 0, 0, '', 0, NULL, 0, 0, NULL, 0, 0, NULL, 0),
(618, 621, 0, 0, 0, '0', 0, 0, '', 0, NULL, 0, 0, NULL, 0, 0, NULL, 0, 0, '', 0, NULL, 0, 0, NULL, 0, 0, NULL, 0),
(619, 622, 0, 0, 0, '0', 0, 0, '', 0, NULL, 0, 0, NULL, 0, 0, NULL, 0, 0, '', 0, NULL, 0, 0, NULL, 0, 0, NULL, 0),
(620, 623, 0, 0, 0, '0', 0, 0, '', 0, NULL, 0, 0, NULL, 0, 0, NULL, 0, 0, '', 0, NULL, 0, 0, NULL, 0, 0, NULL, 0),
(621, 624, 0, 0, 0, '0', 0, 0, '', 0, NULL, 0, 0, NULL, 0, 0, NULL, 0, 0, '', 0, NULL, 0, 0, NULL, 0, 0, NULL, 0),
(622, 625, 0, 0, 0, '0', 0, 0, '', 0, NULL, 0, 0, NULL, 0, 0, NULL, 0, 0, '', 0, NULL, 0, 0, NULL, 0, 0, NULL, 0),
(623, 626, 0, 0, 0, '0', 0, 0, '', 0, NULL, 0, 0, NULL, 0, 0, NULL, 0, 0, '', 0, NULL, 0, 0, NULL, 0, 0, NULL, 0),
(624, 627, 0, 0, 0, '0', 0, 0, '', 0, NULL, 0, 0, NULL, 0, 0, NULL, 0, 0, '', 0, NULL, 0, 0, NULL, 0, 0, NULL, 0),
(625, 628, 0, 0, 0, '0', 0, 0, '', 0, NULL, 0, 0, NULL, 0, 0, NULL, 0, 0, '', 0, NULL, 0, 0, NULL, 0, 0, NULL, 0),
(626, 629, 0, 0, 0, '0', 0, 0, '', 0, NULL, 0, 0, NULL, 0, 0, NULL, 0, 0, '', 0, NULL, 0, 0, NULL, 0, 0, NULL, 0),
(627, 630, 0, 0, 0, '0', 0, 0, '', 0, NULL, 0, 0, NULL, 0, 0, NULL, 0, 0, '', 0, NULL, 0, 0, NULL, 0, 0, NULL, 0),
(628, 631, 0, 0, 0, '0', 0, 0, '', 0, NULL, 0, 0, NULL, 0, 0, NULL, 0, 0, '', 0, NULL, 0, 0, NULL, 0, 0, NULL, 0),
(629, 632, 0, 0, 0, '0', 0, 0, '', 0, NULL, 0, 0, NULL, 0, 0, NULL, 0, 0, '', 0, NULL, 0, 0, NULL, 0, 0, NULL, 0),
(630, 633, 0, 0, 0, '0', 0, 0, '', 0, NULL, 0, 0, NULL, 0, 0, NULL, 0, 0, '', 0, NULL, 0, 0, NULL, 0, 0, NULL, 0),
(631, 634, 0, 0, 0, '0', 0, 0, '', 0, NULL, 0, 0, NULL, 0, 0, NULL, 0, 0, '', 0, NULL, 0, 0, NULL, 0, 0, NULL, 0),
(632, 635, 0, 0, 0, '0', 0, 0, '', 0, NULL, 0, 0, NULL, 0, 0, NULL, 0, 0, '', 0, NULL, 0, 0, NULL, 0, 0, NULL, 0),
(633, 636, 0, 0, 0, '0', 0, 0, '', 0, NULL, 0, 0, NULL, 0, 0, NULL, 0, 0, '', 0, NULL, 0, 0, NULL, 0, 0, NULL, 0),
(634, 637, 0, 0, 0, '0', 0, 0, '', 0, NULL, 0, 0, NULL, 0, 0, NULL, 0, 0, '', 0, NULL, 0, 0, NULL, 0, 0, NULL, 0),
(635, 638, 0, 0, 0, '0', 0, 0, '', 0, NULL, 0, 0, NULL, 0, 0, NULL, 0, 0, '', 0, NULL, 0, 0, NULL, 0, 0, NULL, 0),
(636, 639, 0, 0, 0, '0', 0, 0, '', 0, NULL, 0, 0, NULL, 0, 0, NULL, 0, 0, '', 0, NULL, 0, 0, NULL, 0, 0, NULL, 0),
(637, 640, 0, 0, 0, '0', 0, 0, '', 0, NULL, 0, 0, NULL, 0, 0, NULL, 0, 0, '', 0, NULL, 0, 0, NULL, 0, 0, NULL, 0),
(638, 641, 0, 0, 0, '0', 0, 0, '', 0, NULL, 0, 0, NULL, 0, 0, NULL, 0, 0, '', 0, NULL, 0, 0, NULL, 0, 0, NULL, 0),
(639, 642, 0, 0, 0, '0', 0, 0, '', 0, NULL, 0, 0, NULL, 0, 0, NULL, 0, 0, '', 0, NULL, 0, 0, NULL, 0, 0, NULL, 0),
(640, 643, 0, 0, 0, '0', 0, 0, '', 0, NULL, 0, 0, NULL, 0, 0, NULL, 0, 0, '', 0, NULL, 0, 0, NULL, 0, 0, NULL, 0),
(641, 644, 0, 0, 0, '0', 0, 0, '', 0, NULL, 0, 0, NULL, 0, 0, NULL, 0, 0, '', 0, NULL, 0, 0, NULL, 0, 0, NULL, 0),
(642, 645, 0, 0, 0, '0', 0, 0, '', 0, NULL, 0, 0, NULL, 0, 0, NULL, 0, 0, '', 0, NULL, 0, 0, NULL, 0, 0, NULL, 0),
(643, 646, 0, 0, 0, '0', 0, 0, '', 0, NULL, 0, 0, NULL, 0, 0, NULL, 0, 0, '', 0, NULL, 0, 0, NULL, 0, 0, NULL, 0),
(644, 647, 0, 0, 0, '0', 0, 0, '', 0, NULL, 0, 0, NULL, 0, 0, NULL, 0, 0, '', 0, NULL, 0, 0, NULL, 0, 0, NULL, 0),
(645, 648, 0, 0, 0, '0', 0, 0, '', 0, NULL, 0, 0, NULL, 0, 0, NULL, 0, 0, '', 0, NULL, 0, 0, NULL, 0, 0, NULL, 0),
(646, 649, 0, 0, 0, '0', 0, 0, '', 0, NULL, 0, 0, NULL, 0, 0, NULL, 0, 0, '', 0, NULL, 0, 0, NULL, 0, 0, NULL, 0),
(647, 650, 0, 0, 0, '0', 0, 0, '', 0, NULL, 0, 0, NULL, 0, 0, NULL, 0, 0, '', 0, NULL, 0, 0, NULL, 0, 0, NULL, 0),
(648, 651, 0, 0, 0, '0', 0, 0, '', 0, NULL, 0, 0, NULL, 0, 0, NULL, 0, 0, '', 0, NULL, 0, 0, NULL, 0, 0, NULL, 0),
(649, 652, 0, 0, 0, '0', 0, 0, '', 0, NULL, 0, 0, NULL, 0, 0, NULL, 0, 0, '', 0, NULL, 0, 0, NULL, 0, 0, NULL, 0),
(650, 653, 0, 0, 0, '0', 0, 0, '', 0, NULL, 0, 0, NULL, 0, 0, NULL, 0, 0, '', 0, NULL, 0, 0, NULL, 0, 0, NULL, 0),
(651, 654, 0, 0, 0, '0', 0, 0, '', 0, NULL, 0, 0, NULL, 0, 0, NULL, 0, 0, '', 0, NULL, 0, 0, NULL, 0, 0, NULL, 0),
(652, 655, 0, 0, 0, '0', 0, 0, '', 0, NULL, 0, 0, NULL, 0, 0, NULL, 0, 0, '', 0, NULL, 0, 0, NULL, 0, 0, NULL, 0),
(653, 656, 0, 0, 0, '0', 0, 0, '', 0, NULL, 0, 0, NULL, 0, 0, NULL, 0, 0, '', 0, NULL, 0, 0, NULL, 0, 0, NULL, 0),
(654, 657, 0, 0, 0, '0', 0, 0, '', 0, NULL, 0, 0, NULL, 0, 0, NULL, 0, 0, '', 0, NULL, 0, 0, NULL, 0, 0, NULL, 0),
(655, 658, 0, 0, 0, '0', 0, 0, '', 0, NULL, 0, 0, NULL, 0, 0, NULL, 0, 0, '', 0, NULL, 0, 0, NULL, 0, 0, NULL, 0),
(656, 659, 0, 0, 0, '0', 0, 0, '', 0, NULL, 0, 0, NULL, 0, 0, NULL, 0, 0, '', 0, NULL, 0, 0, NULL, 0, 0, NULL, 0),
(657, 660, 0, 0, 0, '0', 0, 0, '', 0, NULL, 0, 0, NULL, 0, 0, NULL, 0, 0, '', 0, NULL, 0, 0, NULL, 0, 0, NULL, 0),
(658, 661, 0, 0, 0, '0', 0, 0, '', 0, NULL, 0, 0, NULL, 0, 0, NULL, 0, 0, '', 0, NULL, 0, 0, NULL, 0, 0, NULL, 0),
(659, 662, 0, 0, 0, '0', 0, 0, '', 0, NULL, 0, 0, NULL, 0, 0, NULL, 0, 0, '', 0, NULL, 0, 0, NULL, 0, 0, NULL, 0),
(660, 663, 0, 0, 0, '0', 0, 0, '', 0, NULL, 0, 0, NULL, 0, 0, NULL, 0, 0, '', 0, NULL, 0, 0, NULL, 0, 0, NULL, 0),
(661, 664, 0, 0, 0, '0', 0, 0, '', 0, NULL, 0, 0, NULL, 0, 0, NULL, 0, 0, '', 0, NULL, 0, 0, NULL, 0, 0, NULL, 0),
(662, 665, 0, 0, 0, '0', 0, 0, '', 0, NULL, 0, 0, NULL, 0, 0, NULL, 0, 0, '', 0, NULL, 0, 0, NULL, 0, 0, NULL, 0),
(663, 666, 0, 0, 0, '0', 0, 0, '', 0, NULL, 0, 0, NULL, 0, 0, NULL, 0, 0, '', 0, NULL, 0, 0, NULL, 0, 0, NULL, 0),
(664, 667, 0, 0, 0, '0', 0, 0, '', 0, NULL, 0, 0, NULL, 0, 0, NULL, 0, 0, '', 0, NULL, 0, 0, NULL, 0, 0, NULL, 0),
(665, 668, 0, 0, 0, '0', 0, 0, '', 0, NULL, 0, 0, NULL, 0, 0, NULL, 0, 0, '', 0, NULL, 0, 0, NULL, 0, 0, NULL, 0),
(666, 671, 0, 0, 29961.338831018515, '1527462460', 2000, 7, '1527459939.0;1527459939.0;1527459939.0;1527459939.0;1527459939.0;1527459939.0;1527459939.0;', 1, '1527459939.0;1527459939.1;', 0, 0, NULL, 0, 0, NULL, 0, 30, '1527459939.0;1527459939.0;1527459939.0;1527459939.0;1527459939.0;1527459939.0;1527459939.0;1527459939.0;1527459939.0;1527459939.0;1527459939.0;1527459939.0;1527459939.0;1527459939.0;1527459939.0;1527459939.0;1527459939.0;1527459939.0;1527459939.0;1527459939.0;1527459939.0;1527459939.0;1527459939.0;1527459939.0;1527459939.0;1527459939.0;1527459939.0;1527459939.0;1527459939.0;1527459939.0;', 7, '1527459939.0;1527459939.0;1527459939.0;1527459939.0;1527459939.0;1527459939.0;1527459939.0;1527459939.1;1527459939.1;1527459939.1;1527459939.1;1527459939.1;1527459939.1;1527459939.1;', 0, 0, NULL, 0, 0, NULL, 0),
(667, 672, 0, 0, 29999.049189814814, '1527490962', 2000, 7, '1527490900.0;1527490900.0;1527490900.0;1527490900.0;1527490900.0;1527490900.0;1527490900.0;', 1, '1527490900.0;1527490900.1;', 0, 0, NULL, 0, 0, NULL, 0, 30, '1527490900.0;1527490900.0;1527490900.0;1527490900.0;1527490900.0;1527490900.0;1527490900.0;1527490900.0;1527490900.0;1527490900.0;1527490900.0;1527490900.0;1527490900.0;1527490900.0;1527490900.0;1527490900.0;1527490900.0;1527490900.0;1527490900.0;1527490900.0;1527490900.0;1527490900.0;1527490900.0;1527490900.0;1527490900.0;1527490900.0;1527490900.0;1527490900.0;1527490900.0;1527490900.0;', 7, '1527490900.0;1527490900.0;1527490900.0;1527490900.0;1527490900.0;1527490900.0;1527490900.0;1527490900.1;1527490900.1;1527490900.1;1527490900.1;1527490900.1;1527490900.1;1527490900.1;', 0, 0, NULL, 0, 0, NULL, 0),
(668, 673, 0, 0, 29267.983506944445, '1527580491', 2000, 7, '1527532758.0;1527532758.0;1527532758.0;1527532758.0;1527532758.0;1527532758.0;1527532758.0;', 1, '1527532758.0;1527532758.1;', 0, 0, NULL, 0, 0, NULL, 0, 30, '1527532758.0;1527532758.0;1527532758.0;1527532758.0;1527532758.0;1527532758.0;1527532758.0;1527532758.0;1527532758.0;1527532758.0;1527532758.0;1527532758.0;1527532758.0;1527532758.0;1527532758.0;1527532758.0;1527532758.0;1527532758.0;1527532758.0;1527532758.0;1527532758.0;1527532758.0;1527532758.0;1527532758.0;1527532758.0;1527532758.0;1527532758.0;1527532758.0;1527532758.0;1527532758.0;', 7, '1527532758.0;1527532758.0;1527532758.0;1527532758.0;1527532758.0;1527532758.0;1527532758.0;1527532758.1;1527532758.1;1527532758.1;1527532758.1;1527532758.1;1527532758.1;1527532758.1;', 0, 0, NULL, 0, 0, NULL, 0),
(669, 674, 0, 0, 29999.800636574073, '1527532838', 2000, 7, '1527532825.0;1527532825.0;1527532825.0;1527532825.0;1527532825.0;1527532825.0;1527532825.0;', 1, '1527532825.0;1527532825.1;', 0, 0, NULL, 0, 0, NULL, 0, 30, '1527532825.0;1527532825.0;1527532825.0;1527532825.0;1527532825.0;1527532825.0;1527532825.0;1527532825.0;1527532825.0;1527532825.0;1527532825.0;1527532825.0;1527532825.0;1527532825.0;1527532825.0;1527532825.0;1527532825.0;1527532825.0;1527532825.0;1527532825.0;1527532825.0;1527532825.0;1527532825.0;1527532825.0;1527532825.0;1527532825.0;1527532825.0;1527532825.0;1527532825.0;1527532825.0;', 7, '1527532825.0;1527532825.0;1527532825.0;1527532825.0;1527532825.0;1527532825.0;1527532825.0;1527532825.1;1527532825.1;1527532825.1;1527532825.1;1527532825.1;1527532825.1;1527532825.1;', 0, 0, NULL, 0, 0, NULL, 0),
(670, 675, 0, 0, 29999.708622685186, '1527532929', 2000, 7, '1527532910.0;1527532910.0;1527532910.0;1527532910.0;1527532910.0;1527532910.0;1527532910.0;', 1, '1527532910.0;1527532910.1;', 0, 0, NULL, 0, 0, NULL, 0, 30, '1527532910.0;1527532910.0;1527532910.0;1527532910.0;1527532910.0;1527532910.0;1527532910.0;1527532910.0;1527532910.0;1527532910.0;1527532910.0;1527532910.0;1527532910.0;1527532910.0;1527532910.0;1527532910.0;1527532910.0;1527532910.0;1527532910.0;1527532910.0;1527532910.0;1527532910.0;1527532910.0;1527532910.0;1527532910.0;1527532910.0;1527532910.0;1527532910.0;1527532910.0;1527532910.0;', 7, '1527532910.0;1527532910.0;1527532910.0;1527532910.0;1527532910.0;1527532910.0;1527532910.0;1527532910.1;1527532910.1;1527532910.1;1527532910.1;1527532910.1;1527532910.1;1527532910.1;', 0, 0, NULL, 0, 0, NULL, 0),
(671, 676, 0, 0, 29999.953993055555, '1527532992', 2000, 7, '1527532989.0;1527532989.0;1527532989.0;1527532989.0;1527532989.0;1527532989.0;1527532989.0;', 1, '1527532989.0;1527532989.1;', 0, 0, NULL, 0, 0, NULL, 0, 30, '1527532989.0;1527532989.0;1527532989.0;1527532989.0;1527532989.0;1527532989.0;1527532989.0;1527532989.0;1527532989.0;1527532989.0;1527532989.0;1527532989.0;1527532989.0;1527532989.0;1527532989.0;1527532989.0;1527532989.0;1527532989.0;1527532989.0;1527532989.0;1527532989.0;1527532989.0;1527532989.0;1527532989.0;1527532989.0;1527532989.0;1527532989.0;1527532989.0;1527532989.0;1527532989.0;', 7, '1527532989.0;1527532989.0;1527532989.0;1527532989.0;1527532989.0;1527532989.0;1527532989.0;1527532989.1;1527532989.1;1527532989.1;1527532989.1;1527532989.1;1527532989.1;1527532989.1;', 0, 0, NULL, 0, 0, NULL, 0),
(672, 677, 0, 0, 29999.67795138889, '1527533057', 2000, 7, '1527533036.0;1527533036.0;1527533036.0;1527533036.0;1527533036.0;1527533036.0;1527533036.0;', 1, '1527533036.0;1527533036.1;', 0, 0, NULL, 0, 0, NULL, 0, 30, '1527533036.0;1527533036.0;1527533036.0;1527533036.0;1527533036.0;1527533036.0;1527533036.0;1527533036.0;1527533036.0;1527533036.0;1527533036.0;1527533036.0;1527533036.0;1527533036.0;1527533036.0;1527533036.0;1527533036.0;1527533036.0;1527533036.0;1527533036.0;1527533036.0;1527533036.0;1527533036.0;1527533036.0;1527533036.0;1527533036.0;1527533036.0;1527533036.0;1527533036.0;1527533036.0;', 7, '1527533036.0;1527533036.0;1527533036.0;1527533036.0;1527533036.0;1527533036.0;1527533036.0;1527533036.1;1527533036.1;1527533036.1;1527533036.1;1527533036.1;1527533036.1;1527533036.1;', 0, 0, NULL, 0, 0, NULL, 0),
(673, 678, 0, 0, 29999.953993055555, '1527533120', 2000, 7, '1527533117.0;1527533117.0;1527533117.0;1527533117.0;1527533117.0;1527533117.0;1527533117.0;', 1, '1527533117.0;1527533117.1;', 0, 0, NULL, 0, 0, NULL, 0, 30, '1527533117.0;1527533117.0;1527533117.0;1527533117.0;1527533117.0;1527533117.0;1527533117.0;1527533117.0;1527533117.0;1527533117.0;1527533117.0;1527533117.0;1527533117.0;1527533117.0;1527533117.0;1527533117.0;1527533117.0;1527533117.0;1527533117.0;1527533117.0;1527533117.0;1527533117.0;1527533117.0;1527533117.0;1527533117.0;1527533117.0;1527533117.0;1527533117.0;1527533117.0;1527533117.0;', 7, '1527533117.0;1527533117.0;1527533117.0;1527533117.0;1527533117.0;1527533117.0;1527533117.0;1527533117.1;1527533117.1;1527533117.1;1527533117.1;1527533117.1;1527533117.1;1527533117.1;', 0, 0, NULL, 0, 0, NULL, 0),
(674, 679, 0, 0, 29999.98466435185, '1527533219', 2000, 7, '1527533218.0;1527533218.0;1527533218.0;1527533218.0;1527533218.0;1527533218.0;1527533218.0;', 1, '1527533218.0;1527533218.1;', 0, 0, NULL, 0, 0, NULL, 0, 30, '1527533218.0;1527533218.0;1527533218.0;1527533218.0;1527533218.0;1527533218.0;1527533218.0;1527533218.0;1527533218.0;1527533218.0;1527533218.0;1527533218.0;1527533218.0;1527533218.0;1527533218.0;1527533218.0;1527533218.0;1527533218.0;1527533218.0;1527533218.0;1527533218.0;1527533218.0;1527533218.0;1527533218.0;1527533218.0;1527533218.0;1527533218.0;1527533218.0;1527533218.0;1527533218.0;', 7, '1527533218.0;1527533218.0;1527533218.0;1527533218.0;1527533218.0;1527533218.0;1527533218.0;1527533218.1;1527533218.1;1527533218.1;1527533218.1;1527533218.1;1527533218.1;1527533218.1;', 0, 0, NULL, 0, 0, NULL, 0),
(675, 680, 0, 0, 29999.969328703704, '1527533934', 2000, 7, '1527533932.0;1527533932.0;1527533932.0;1527533932.0;1527533932.0;1527533932.0;1527533932.0;', 1, '1527533932.0;1527533932.1;', 0, 0, NULL, 0, 0, NULL, 0, 30, '1527533932.0;1527533932.0;1527533932.0;1527533932.0;1527533932.0;1527533932.0;1527533932.0;1527533932.0;1527533932.0;1527533932.0;1527533932.0;1527533932.0;1527533932.0;1527533932.0;1527533932.0;1527533932.0;1527533932.0;1527533932.0;1527533932.0;1527533932.0;1527533932.0;1527533932.0;1527533932.0;1527533932.0;1527533932.0;1527533932.0;1527533932.0;1527533932.0;1527533932.0;1527533932.0;', 7, '1527533932.0;1527533932.0;1527533932.0;1527533932.0;1527533932.0;1527533932.0;1527533932.0;1527533932.1;1527533932.1;1527533932.1;1527533932.1;1527533932.1;1527533932.1;1527533932.1;', 0, 0, NULL, 0, 0, NULL, 0),
(676, 681, 0, 0, 29999.969328703704, '1527533983', 2000, 7, '1527533981.0;1527533981.0;1527533981.0;1527533981.0;1527533981.0;1527533981.0;1527533981.0;', 1, '1527533981.0;1527533981.1;', 0, 0, NULL, 0, 0, NULL, 0, 30, '1527533981.0;1527533981.0;1527533981.0;1527533981.0;1527533981.0;1527533981.0;1527533981.0;1527533981.0;1527533981.0;1527533981.0;1527533981.0;1527533981.0;1527533981.0;1527533981.0;1527533981.0;1527533981.0;1527533981.0;1527533981.0;1527533981.0;1527533981.0;1527533981.0;1527533981.0;1527533981.0;1527533981.0;1527533981.0;1527533981.0;1527533981.0;1527533981.0;1527533981.0;1527533981.0;', 7, '1527533981.0;1527533981.0;1527533981.0;1527533981.0;1527533981.0;1527533981.0;1527533981.0;1527533981.1;1527533981.1;1527533981.1;1527533981.1;1527533981.1;1527533981.1;1527533981.1;', 0, 0, NULL, 0, 0, NULL, 0),
(677, 682, 0, 0, 29999.309895833332, '1527534064', 2000, 7, '1527534019.0;1527534019.0;1527534019.0;1527534019.0;1527534019.0;1527534019.0;1527534019.0;', 1, '1527534019.0;1527534019.1;', 0, 0, NULL, 0, 0, NULL, 0, 30, '1527534019.0;1527534019.0;1527534019.0;1527534019.0;1527534019.0;1527534019.0;1527534019.0;1527534019.0;1527534019.0;1527534019.0;1527534019.0;1527534019.0;1527534019.0;1527534019.0;1527534019.0;1527534019.0;1527534019.0;1527534019.0;1527534019.0;1527534019.0;1527534019.0;1527534019.0;1527534019.0;1527534019.0;1527534019.0;1527534019.0;1527534019.0;1527534019.0;1527534019.0;1527534019.0;', 7, '1527534019.0;1527534019.0;1527534019.0;1527534019.0;1527534019.0;1527534019.0;1527534019.0;1527534019.1;1527534019.1;1527534019.1;1527534019.1;1527534019.1;1527534019.1;1527534019.1;', 0, 0, NULL, 0, 0, NULL, 0);
INSERT INTO `assets` (`id`, `userid`, `milk`, `egg`, `food`, `foodTimer`, `gold`, `kartopu`, `kartopuDetails`, `boncuk`, `boncukDetails`, `boncukLiked`, `sarikiz`, `sarikizDetails`, `sarikizLiked`, `simental`, `simentalDetails`, `simentalLiked`, `dudu`, `duduDetails`, `pamuk`, `pamukDetails`, `pamukLiked`, `pofuduk`, `pofudukDetails`, `pofudukLiked`, `suslu`, `susluDetails`, `susluLiked`) VALUES
(678, 683, 0, 0, 29999.969328703704, '1527534108', 2000, 7, '1527534106.0;1527534106.0;1527534106.0;1527534106.0;1527534106.0;1527534106.0;1527534106.0;', 1, '1527534106.0;1527534106.1;', 0, 0, NULL, 0, 0, NULL, 0, 30, '1527534106.0;1527534106.0;1527534106.0;1527534106.0;1527534106.0;1527534106.0;1527534106.0;1527534106.0;1527534106.0;1527534106.0;1527534106.0;1527534106.0;1527534106.0;1527534106.0;1527534106.0;1527534106.0;1527534106.0;1527534106.0;1527534106.0;1527534106.0;1527534106.0;1527534106.0;1527534106.0;1527534106.0;1527534106.0;1527534106.0;1527534106.0;1527534106.0;1527534106.0;1527534106.0;', 7, '1527534106.0;1527534106.0;1527534106.0;1527534106.0;1527534106.0;1527534106.0;1527534106.0;1527534106.1;1527534106.1;1527534106.1;1527534106.1;1527534106.1;1527534106.1;1527534106.1;', 0, 0, NULL, 0, 0, NULL, 0),
(679, 684, 0, 0, 29999.98466435185, '1527534187', 2000, 7, '1527534186.0;1527534186.0;1527534186.0;1527534186.0;1527534186.0;1527534186.0;1527534186.0;', 1, '1527534186.0;1527534186.1;', 0, 0, NULL, 0, 0, NULL, 0, 30, '1527534186.0;1527534186.0;1527534186.0;1527534186.0;1527534186.0;1527534186.0;1527534186.0;1527534186.0;1527534186.0;1527534186.0;1527534186.0;1527534186.0;1527534186.0;1527534186.0;1527534186.0;1527534186.0;1527534186.0;1527534186.0;1527534186.0;1527534186.0;1527534186.0;1527534186.0;1527534186.0;1527534186.0;1527534186.0;1527534186.0;1527534186.0;1527534186.0;1527534186.0;1527534186.0;', 7, '1527534186.0;1527534186.0;1527534186.0;1527534186.0;1527534186.0;1527534186.0;1527534186.0;1527534186.1;1527534186.1;1527534186.1;1527534186.1;1527534186.1;1527534186.1;1527534186.1;', 0, 0, NULL, 0, 0, NULL, 0),
(680, 685, 0, 0, 29999.98466435185, '1527534234', 2000, 7, '1527534233.0;1527534233.0;1527534233.0;1527534233.0;1527534233.0;1527534233.0;1527534233.0;', 1, '1527534233.0;1527534233.1;', 0, 0, NULL, 0, 0, NULL, 0, 30, '1527534233.0;1527534233.0;1527534233.0;1527534233.0;1527534233.0;1527534233.0;1527534233.0;1527534233.0;1527534233.0;1527534233.0;1527534233.0;1527534233.0;1527534233.0;1527534233.0;1527534233.0;1527534233.0;1527534233.0;1527534233.0;1527534233.0;1527534233.0;1527534233.0;1527534233.0;1527534233.0;1527534233.0;1527534233.0;1527534233.0;1527534233.0;1527534233.0;1527534233.0;1527534233.0;', 7, '1527534233.0;1527534233.0;1527534233.0;1527534233.0;1527534233.0;1527534233.0;1527534233.0;1527534233.1;1527534233.1;1527534233.1;1527534233.1;1527534233.1;1527534233.1;1527534233.1;', 0, 0, NULL, 0, 0, NULL, 0),
(681, 686, 0, 0, 30000, '1527534321', 2000, 7, '1527534321.0;1527534321.0;1527534321.0;1527534321.0;1527534321.0;1527534321.0;1527534321.0;', 1, '1527534321.0;1527534321.1;', 0, 0, NULL, 0, 0, NULL, 0, 30, '1527534321.0;1527534321.0;1527534321.0;1527534321.0;1527534321.0;1527534321.0;1527534321.0;1527534321.0;1527534321.0;1527534321.0;1527534321.0;1527534321.0;1527534321.0;1527534321.0;1527534321.0;1527534321.0;1527534321.0;1527534321.0;1527534321.0;1527534321.0;1527534321.0;1527534321.0;1527534321.0;1527534321.0;1527534321.0;1527534321.0;1527534321.0;1527534321.0;1527534321.0;1527534321.0;', 7, '1527534321.0;1527534321.0;1527534321.0;1527534321.0;1527534321.0;1527534321.0;1527534321.0;1527534321.1;1527534321.1;1527534321.1;1527534321.1;1527534321.1;1527534321.1;1527534321.1;', 0, 0, NULL, 0, 0, NULL, 0);

-- --------------------------------------------------------

--
-- Tablo için tablo yapısı `chatMessages`
--

CREATE TABLE IF NOT EXISTS `chatMessages` (
  `id` int(11) NOT NULL AUTO_INCREMENT,
  `userid` int(11) NOT NULL,
  `message` varchar(250) NOT NULL,
  `dateTime` datetime NOT NULL,
  PRIMARY KEY (`id`)
) ENGINE=InnoDB  DEFAULT CHARSET=utf8 AUTO_INCREMENT=299 ;

--
-- Tablo döküm verisi `chatMessages`
--

INSERT INTO `chatMessages` (`id`, `userid`, `message`, `dateTime`) VALUES
(251, 3, 'deneme', '2018-05-24 14:38:40'),
(252, 12, 'sa ağalar', '2018-05-24 14:38:53'),
(253, 13, 'sa', '2018-05-24 14:38:56'),
(254, 13, 'gökhan çıkış yap kayıt ol tekrar :D', '2018-05-24 14:39:06'),
(255, 13, 'as ağam', '2018-05-24 14:39:13'),
(256, 13, 'asd', '2018-05-24 14:41:16'),
(257, 13, 'asd', '2018-05-24 14:41:18'),
(258, 14, ':D sa', '2018-05-24 14:41:19'),
(259, 13, ':D', '2018-05-24 14:41:19'),
(260, 14, 'agam nasılsınız eyimisiniz', '2018-05-24 14:41:31'),
(261, 13, '<font color=''green''><b>:D</b></font>', '2018-05-24 14:41:42'),
(262, 14, 'hmn html çakıyor yine :D', '2018-05-24 14:41:55'),
(263, 14, 'derse gidiyom ben', '2018-05-24 14:44:40'),
(264, 14, 'Bu yem yine hizli gidiyor', '2018-05-24 15:08:43'),
(265, 14, '10 akceye 300 verellim', '2018-05-24 15:09:22'),
(266, 13, ':D', '2018-05-24 15:27:35'),
(267, 13, 'okay', '2018-05-24 15:27:36'),
(268, 14, 'barıs pamugu 2 kere gezdirdim ineği bir kere sevdim daha bunların timelarında bır sıkıntı var', '2018-05-24 19:48:47'),
(269, 14, 'yem yıne yetmedı kanka buna bir ayar çekmek lazım', '2018-05-24 20:12:09'),
(270, 13, 'yemi ayarladım', '2018-05-25 03:38:22'),
(271, 13, 'timerlere sonra bakıcam', '2018-05-25 03:38:28'),
(272, 13, 'verin böle anlamazlar bile', '2018-05-25 03:38:34'),
(273, 13, 'çok yoğunum knka', '2018-05-25 03:38:41'),
(274, 14, 'tmm kanka hafta sonu bakarız', '2018-05-25 14:16:16'),
(275, 13, 'zor kanka olursa vaktim bakarım söz, sen de bakabilirsin', '2018-05-25 15:47:22'),
(276, 673, 'deneme', '2018-05-28 21:39:25'),
(277, 14, 'deneme2', '2018-05-28 21:39:34'),
(278, 674, 'deneme', '2018-05-28 21:40:41'),
(279, 675, 'deneme', '2018-05-28 21:42:18'),
(280, 676, 'deneme', '2018-05-28 21:43:15'),
(281, 677, 'deneme', '2018-05-28 21:44:22'),
(282, 678, 'deneme', '2018-05-28 21:45:23'),
(283, 14, 'bu bir deneme mesajıdır', '2018-05-28 21:45:24'),
(284, 679, 'deneme', '2018-05-28 21:47:04'),
(285, 14, 'deneme mesaj 4', '2018-05-28 21:56:49'),
(286, 680, 'deneme', '2018-05-28 21:58:58'),
(287, 681, 'deneme', '2018-05-28 21:59:49'),
(288, 14, 'deneme mesajıdır', '2018-05-28 22:00:12'),
(289, 682, 'deneme', '2018-05-28 22:00:30'),
(290, 683, 'İyi akşamlar', '2018-05-28 22:01:56'),
(291, 684, 'Kapışalım', '2018-05-28 22:03:22'),
(292, 685, 'işte bu bee', '2018-05-28 22:04:44'),
(293, 14, 'deneme mesajı5', '2018-05-28 22:07:21'),
(294, 14, 'deneme 2', '2018-05-28 22:07:23'),
(295, 14, 'farm virtual chat deneme 4', '2018-05-28 22:07:32'),
(296, 14, 'hi', '2018-05-28 22:16:00'),
(297, 15, 'deneme', '2018-05-29 10:42:08'),
(298, 15, 'merhaba', '2018-05-29 13:16:36');

-- --------------------------------------------------------

--
-- Tablo için tablo yapısı `users`
--

CREATE TABLE IF NOT EXISTS `users` (
  `id` int(11) NOT NULL AUTO_INCREMENT,
  `username` varchar(20) NOT NULL,
  `email` varchar(50) NOT NULL,
  `password` varchar(50) NOT NULL,
  `secretToken` varchar(50) NOT NULL,
  `points` int(11) NOT NULL DEFAULT '0',
  PRIMARY KEY (`id`)
) ENGINE=InnoDB  DEFAULT CHARSET=latin1 AUTO_INCREMENT=687 ;

--
-- Tablo döküm verisi `users`
--

INSERT INTO `users` (`id`, `username`, `email`, `password`, `secretToken`, `points`) VALUES
(12, 'ilker', 'ilkrunl@hotmail.com', 'f4c30a9da55d11202f70ce4506401cc1', 'bar??', 1369),
(13, 'barisdoga', 'barisdogayavas@gmail.com', '71f69f8879847b9a68bd70d040e76451', 'Gökhan xD', 3212),
(14, 'gokhan', 'gokhan@gmail.com', '014abe2183727187432cf3895d23de5e', 'basri1', 3013),
(15, 'basri', 'basrierdem.01@gmail.com', 'e10adc3949ba59abbe56e057f20f883e', 'gokhan', 4201),
(16, 'zafer', 'zafer1@gmail.com', '014abe2183727187432cf3895d23de5e', 'basri1223', 850),
(17, 'erdem', 'erdem1@gmail.com', 'e10adc3949ba59abbe56e057f20f883e', 'gokhan', 756),
(20, 'zeynep', 'zeynep@gmail.com', 'e10adc3949ba59abbe56e057f20f883e', 'kedi', 856),
(21, 'burak', 'burak1@gmail.com', 'e10adc3949ba59abbe56e057f20f883e', 'karpuz', 1052),
(22, 'mehmetali11', 'mehmetali1903@gmail.com', 'e10adc3949ba59abbe56e057f20f883e', 'gokhan', 1455),
(23, 'serhatekici', 'serhatekici@gmail.com', 'e10adc3949ba59abbe56e057f20f883e', 'matmazar', 752),
(24, 'tosun', 'tosuntos@gmail.com', '014abe2183727187432cf3895d23de5e', 'tosbaga', 560),
(25, 'quaresma', 'quaresma_1903@gmail.com', 'e10adc3949ba59abbe56e057f20f883e', 'iguana', 120),
(26, 'omer2000', 'omer_2000@hotmail.com', '014abe2183727187432cf3895d23de5e', 'tavuk1', 250),
(27, 'tandogan', 'tandogangunes@gmail.com', 'e10adc3949ba59abbe56e057f20f883e', 'kartal', 652),
(28, 'farmer', 'farmeragel@gmail.com', '014abe2183727187432cf3895d23de5e', 'kralfarmer', 1350),
(29, 'tosunmehmet', 'tosunmemo@gmail.com', '014abe2183727187432cf3895d23de5e', 'istanbul', 999),
(30, 'rterdogan', 'rterdogan@gmail.com', 'e10adc3949ba59abbe56e057f20f883e', 'koyuncuk', 2023),
(31, 'ayse_1992', 'ayse1992@gmail.com', '014abe2183727187432cf3895d23de5e', 'y?lan1', 256),
(32, 'themysicra', 'wonderwom@gmail.com', 'e10adc3949ba59abbe56e057f20f883e', 'steven', 250),
(34, '19I7HFX', 'None', 'None', 'None', 0),
(35, 'wbjsqxl', 'None', 'None', 'None', 0),
(36, 'd8D6Jbh', 'None', 'None', 'None', 0),
(37, 'F2K3QC5', 'None', 'None', 'None', 0),
(38, 'TEN5tkT', 'None', 'None', 'None', 0),
(39, 'bFH882W', 'None', 'None', 'None', 0),
(40, 'EB5eHfJ', 'None', 'None', 'None', 0),
(41, 'E5CTsci', 'None', 'None', 'None', 0),
(42, 'PTLvHiH', 'None', 'None', 'None', 0),
(43, 'DYdpn8v', 'None', 'None', 'None', 0),
(44, 'yEDUzJB', 'None', 'None', 'None', 0),
(45, 'F5u9kCA', 'None', 'None', 'None', 0),
(46, 'liA5X2w', 'None', 'None', 'None', 0),
(47, 'RwagPa6', 'None', 'None', 'None', 0),
(48, '1ni6Knh', 'None', 'None', 'None', 0),
(49, 'd2UaRzy', 'None', 'None', 'None', 0),
(50, 'nJkk9h6', 'None', 'None', 'None', 0),
(51, 'qdMkDch', 'None', 'None', 'None', 0),
(52, 'kYLIu1G', 'None', 'None', 'None', 0),
(53, 'MmLN8oE', 'None', 'None', 'None', 0),
(54, 'LzdqJIa', 'None', 'None', 'None', 0),
(55, '3dX30vL', 'None', 'None', 'None', 0),
(56, 'Cy1ALW9', 'None', 'None', 'None', 0),
(57, 'SWvXYlk', 'None', 'None', 'None', 0),
(58, 'MGljYxS', 'None', 'None', 'None', 0),
(59, 'erw4qWV', 'None', 'None', 'None', 0),
(60, 'acGhl5r', 'None', 'None', 'None', 0),
(61, '6SBsw8R', 'None', 'None', 'None', 0),
(62, 'Zh7jh1b', 'None', 'None', 'None', 0),
(63, 'wysKku3', 'None', 'None', 'None', 0),
(64, 'EV8Oopz', 'None', 'None', 'None', 0),
(65, 'gBfSmg7', 'None', 'None', 'None', 0),
(66, 'QsTgoML', 'None', 'None', 'None', 0),
(67, 'sCgCigz', 'None', 'None', 'None', 0),
(68, 'gu4390X', 'None', 'None', 'None', 0),
(69, 'jIfKE7J', 'None', 'None', 'None', 0),
(70, 'gKbWMIm', 'None', 'None', 'None', 0),
(71, 'DjP77Nr', 'None', 'None', 'None', 0),
(72, 'UttTAWe', 'None', 'None', 'None', 0),
(73, 'g0Xz8bC', 'None', 'None', 'None', 0),
(74, 'ADHEted', 'None', 'None', 'None', 0),
(75, 'GOnRjkx', 'None', 'None', 'None', 0),
(76, 'hARsVmL', 'None', 'None', 'None', 0),
(77, 'jV6J5MY', 'None', 'None', 'None', 0),
(78, 'onTzAMZ', 'None', 'None', 'None', 0),
(79, 'JfqngkM', 'None', 'None', 'None', 0),
(80, 'AtuCZCu', 'None', 'None', 'None', 0),
(81, 'jkn2x0f', 'None', 'None', 'None', 0),
(82, 'DvGQnpW', 'None', 'None', 'None', 0),
(83, 'wFfH5ML', 'None', 'None', 'None', 0),
(84, 'YHtR5rD', 'None', 'None', 'None', 0),
(85, 'kzYquno', 'None', 'None', 'None', 0),
(86, 'J32MDt9', 'None', 'None', 'None', 0),
(87, '3nHplVB', 'None', 'None', 'None', 0),
(88, 'WVVsSDv', 'None', 'None', 'None', 0),
(89, 'rfz75pI', 'None', 'None', 'None', 0),
(90, 'pmGVMnV', 'None', 'None', 'None', 0),
(91, '31Ihha0', 'None', 'None', 'None', 0),
(92, '3Jnm9Ju', 'None', 'None', 'None', 0),
(93, 'iCRFGZ0', 'None', 'None', 'None', 0),
(94, '1RyKAa4', 'None', 'None', 'None', 0),
(95, 'Q5e0PFT', 'None', 'None', 'None', 0),
(96, 'KJjsq19', 'None', 'None', 'None', 0),
(97, 'PVaZa8z', 'None', 'None', 'None', 0),
(98, 'scEtzIy', 'None', 'None', 'None', 0),
(99, 'dF6iGt2', 'None', 'None', 'None', 0),
(100, 'WIVSYLz', 'None', 'None', 'None', 0),
(101, 'D285N1C', 'None', 'None', 'None', 0),
(102, 'Fa9ac9I', 'None', 'None', 'None', 0),
(103, '9LfqqnB', 'None', 'None', 'None', 0),
(104, 'UZEIKWp', 'None', 'None', 'None', 0),
(105, 'CxjkDEl', 'None', 'None', 'None', 0),
(106, 'DbvgyOw', 'None', 'None', 'None', 0),
(107, 'OragK0u', 'None', 'None', 'None', 0),
(108, 'OAUysAx', 'None', 'None', 'None', 0),
(109, '1vCa7oo', 'None', 'None', 'None', 0),
(110, 'FcfApco', 'None', 'None', 'None', 0),
(111, 'xI2W4SW', 'None', 'None', 'None', 0),
(112, 'W4GY2RD', 'None', 'None', 'None', 0),
(113, 'PieUCJO', 'None', 'None', 'None', 0),
(114, 'ceZtNyv', 'None', 'None', 'None', 0),
(115, 'VmbsPMp', 'None', 'None', 'None', 0),
(116, 'lvY3cdX', 'None', 'None', 'None', 0),
(117, 'zBJJEt0', 'None', 'None', 'None', 0),
(118, 'bvTMosh', 'None', 'None', 'None', 0),
(119, 'HOmsMYp', 'None', 'None', 'None', 0),
(120, 'C9mGhbZ', 'None', 'None', 'None', 0),
(121, '8c2y74T', 'None', 'None', 'None', 0),
(122, 'W6DsoOl', 'None', 'None', 'None', 0),
(123, 'JG5jXdc', 'None', 'None', 'None', 0),
(124, 'Y99hXFz', 'None', 'None', 'None', 0),
(125, 'hPg86nu', 'None', 'None', 'None', 0),
(126, 'l7fkBSg', 'None', 'None', 'None', 0),
(127, 'OlJzkun', 'None', 'None', 'None', 0),
(128, 'tn2TNI3', 'None', 'None', 'None', 0),
(129, 'yZEJhHB', 'None', 'None', 'None', 0),
(130, 'hRs0vRr', 'None', 'None', 'None', 0),
(131, 'ABWE1iQ', 'None', 'None', 'None', 0),
(132, 'QdG8ZaI', 'None', 'None', 'None', 0),
(133, 'WLVCNE3', 'None', 'None', 'None', 0),
(134, 'bSnTdQ9', 'None', 'None', 'None', 0),
(135, 'jhtihmJ', 'None', 'None', 'None', 0),
(136, 'fwD4UsP', 'None', 'None', 'None', 0),
(137, '0i4O1Hn', 'None', 'None', 'None', 0),
(138, '095S58r', 'None', 'None', 'None', 0),
(139, 'uXQz7PC', 'None', 'None', 'None', 0),
(140, 'Qe3UBKg', 'None', 'None', 'None', 0),
(141, 'Nmvh05T', 'None', 'None', 'None', 0),
(142, 'xSvdBMi', 'None', 'None', 'None', 0),
(143, 'OV3Joma', 'None', 'None', 'None', 0),
(144, 'nDYm09J', 'None', 'None', 'None', 0),
(145, 'Mb9HmNa', 'None', 'None', 'None', 0),
(146, 'OJKyYrQ', 'None', 'None', 'None', 0),
(147, 'eCkPQ4r', 'None', 'None', 'None', 0),
(148, '7vfHvTu', 'None', 'None', 'None', 0),
(149, 'J0SLXtK', 'None', 'None', 'None', 0),
(150, '3xGuwHL', 'None', 'None', 'None', 0),
(151, 'obMohns', 'None', 'None', 'None', 0),
(152, '9dXYPwr', 'None', 'None', 'None', 0),
(153, 'Ipxszei', 'None', 'None', 'None', 0),
(154, 'mR3cPRj', 'None', 'None', 'None', 0),
(155, 'fC7KFyi', 'None', 'None', 'None', 0),
(156, 'KSguqEu', 'None', 'None', 'None', 0),
(157, 'hl76OF4', 'None', 'None', 'None', 0),
(158, 'vgnAzhD', 'None', 'None', 'None', 0),
(159, 'eHNfTo9', 'None', 'None', 'None', 0),
(160, 'WzMpGD6', 'None', 'None', 'None', 0),
(161, 'WJBYNCB', 'None', 'None', 'None', 0),
(162, 'MBG6ZXE', 'None', 'None', 'None', 0),
(163, 'Yl04iX7', 'None', 'None', 'None', 0),
(164, 'uSmxcmz', 'None', 'None', 'None', 0),
(165, '2v4a3Ow', 'None', 'None', 'None', 0),
(166, 'lkKO3ui', 'None', 'None', 'None', 0),
(167, '1pzDpsF', 'None', 'None', 'None', 0),
(168, 'I8SNzLV', 'None', 'None', 'None', 0),
(169, '85MzJ9g', 'None', 'None', 'None', 0),
(170, '28sX613', 'None', 'None', 'None', 0),
(171, '5gSMU3a', 'None', 'None', 'None', 0),
(172, 'cHeWFm3', 'None', 'None', 'None', 0),
(173, 'E0Okw2t', 'None', 'None', 'None', 0),
(174, 'q9HcmbS', 'None', 'None', 'None', 0),
(175, 'fI9QqE8', 'None', 'None', 'None', 0),
(176, 'mWbjibp', 'None', 'None', 'None', 0),
(177, 'H7lCur7', 'None', 'None', 'None', 0),
(178, 'za7z0I2', 'None', 'None', 'None', 0),
(179, 'RzAnoCQ', 'None', 'None', 'None', 0),
(180, 'ugE0cED', 'None', 'None', 'None', 0),
(181, 'yEOB3OC', 'None', 'None', 'None', 0),
(182, 'LgdyDub', 'None', 'None', 'None', 0),
(183, '8MtLG2Q', 'None', 'None', 'None', 0),
(184, 'ub6SOkT', 'None', 'None', 'None', 0),
(185, 'qBLMKrr', 'None', 'None', 'None', 0),
(186, 'sZlD8XV', 'None', 'None', 'None', 0),
(187, 'Wl9Er3A', 'None', 'None', 'None', 0),
(188, '3Zt6qHH', 'None', 'None', 'None', 0),
(189, 'y9DuZF6', 'None', 'None', 'None', 0),
(190, 'jQm8uma', 'None', 'None', 'None', 0),
(191, '7NDL2eH', 'None', 'None', 'None', 0),
(192, 'xjaIiWv', 'None', 'None', 'None', 0),
(193, 'zEyE5Yd', 'None', 'None', 'None', 0),
(194, 'VssquXM', 'None', 'None', 'None', 0),
(195, 'tlpdiAa', 'None', 'None', 'None', 0),
(196, '0B2mAtU', 'None', 'None', 'None', 0),
(197, 'SU47XtH', 'None', 'None', 'None', 0),
(198, '64l9IM9', 'None', 'None', 'None', 0),
(199, 'Xw8Il1b', 'None', 'None', 'None', 0),
(200, 'd0MWevR', 'None', 'None', 'None', 0),
(201, 'TDzWsvo', 'None', 'None', 'None', 0),
(202, 'N704tRi', 'None', 'None', 'None', 0),
(203, '7pt4npf', 'None', 'None', 'None', 0),
(204, 'E39uTpP', 'None', 'None', 'None', 0),
(205, 'TFkBqxW', 'None', 'None', 'None', 0),
(206, '3QeCzV7', 'None', 'None', 'None', 0),
(207, 'Irmi7WY', 'None', 'None', 'None', 0),
(208, '4nKT7JI', 'None', 'None', 'None', 0),
(209, 'oahCqtZ', 'None', 'None', 'None', 0),
(210, 'iVAGhiR', 'None', 'None', 'None', 0),
(211, 'X2v4b6f', 'None', 'None', 'None', 0),
(212, '95ZXuVN', 'None', 'None', 'None', 0),
(213, 'i0wYX67', 'None', 'None', 'None', 0),
(214, 'mjW7rTc', 'None', 'None', 'None', 0),
(215, 'PU5jXqC', 'None', 'None', 'None', 0),
(216, 'ZvLvO2K', 'None', 'None', 'None', 0),
(217, 'FUcpY9m', 'None', 'None', 'None', 0),
(218, 'wPuwHPA', 'None', 'None', 'None', 0),
(219, 'i5MVfWy', 'None', 'None', 'None', 0),
(220, 'X1sA0c2', 'None', 'None', 'None', 0),
(221, 'cq2ayqC', 'None', 'None', 'None', 0),
(222, '17pbyHK', 'None', 'None', 'None', 0),
(223, '9l0FYxH', 'None', 'None', 'None', 0),
(224, '7J7ov4n', 'None', 'None', 'None', 0),
(225, 'MFSB6Ly', 'None', 'None', 'None', 0),
(226, 'kREPFLL', 'None', 'None', 'None', 0),
(227, 'P65bhNl', 'None', 'None', 'None', 0),
(228, 'cIAzfMr', 'None', 'None', 'None', 0),
(229, 'FoWWlYe', 'None', 'None', 'None', 0),
(230, 'uJnH21B', 'None', 'None', 'None', 0),
(231, '6QdHzTS', 'None', 'None', 'None', 0),
(232, 'yINKk2k', 'None', 'None', 'None', 0),
(233, 'aSPWBGK', 'None', 'None', 'None', 0),
(234, 'sKGpgcA', 'None', 'None', 'None', 0),
(235, 'L8Q35VD', 'None', 'None', 'None', 0),
(236, 'zQJppWQ', 'None', 'None', 'None', 0),
(237, 'sZOBefd', 'None', 'None', 'None', 0),
(238, '7xU8MaW', 'None', 'None', 'None', 0),
(239, 'Shy0tll', 'None', 'None', 'None', 0),
(240, 'RIjTUO6', 'None', 'None', 'None', 0),
(241, '63bTuoC', 'None', 'None', 'None', 0),
(242, '7eP2sjD', 'None', 'None', 'None', 0),
(243, 'QhaQJhh', 'None', 'None', 'None', 0),
(244, 'MOqzyTk', 'None', 'None', 'None', 0),
(245, 'c1k3vzv', 'None', 'None', 'None', 0),
(246, 'RzY2OX8', 'None', 'None', 'None', 0),
(247, 'FSWa2lr', 'None', 'None', 'None', 0),
(248, '3E3i8Tm', 'None', 'None', 'None', 0),
(249, 'NBpLCCe', 'None', 'None', 'None', 0),
(250, 'EwBqJoE', 'None', 'None', 'None', 0),
(251, '4LgFA35', 'None', 'None', 'None', 0),
(252, '9w8XeZs', 'None', 'None', 'None', 0),
(253, 'uyARQBC', 'None', 'None', 'None', 0),
(254, 'Gs25SnD', 'None', 'None', 'None', 0),
(255, 'KXZR2rT', 'None', 'None', 'None', 0),
(256, '5zq00qv', 'None', 'None', 'None', 0),
(257, 'GElsGIJ', 'None', 'None', 'None', 0),
(258, 'Eu3FadR', 'None', 'None', 'None', 0),
(259, 'dqw76uD', 'None', 'None', 'None', 0),
(260, 'GSxKxGo', 'None', 'None', 'None', 0),
(261, 'f2OIcrE', 'None', 'None', 'None', 0),
(262, 'CNm7dRA', 'None', 'None', 'None', 0),
(263, 'KZkaD5A', 'None', 'None', 'None', 0),
(264, 'gpN8Ey5', 'None', 'None', 'None', 0),
(265, 'C3AHrpn', 'None', 'None', 'None', 0),
(266, 'njno67Y', 'None', 'None', 'None', 0),
(267, '7Jb3doe', 'None', 'None', 'None', 0),
(268, 'vxLykYx', 'None', 'None', 'None', 0),
(269, 'UtpzeOp', 'None', 'None', 'None', 0),
(270, 'r4HSfbe', 'None', 'None', 'None', 0),
(271, 'U0sI4GJ', 'None', 'None', 'None', 0),
(272, 'jwfgI4M', 'None', 'None', 'None', 0),
(273, 'yz8it9O', 'None', 'None', 'None', 0),
(274, 'hxrBCZd', 'None', 'None', 'None', 0),
(275, 'YzCPBQN', 'None', 'None', 'None', 0),
(276, 'UOCd9GR', 'None', 'None', 'None', 0),
(277, 'pa1Udmg', 'None', 'None', 'None', 0),
(278, '0Lanirg', 'None', 'None', 'None', 0),
(279, 'jfSXO5h', 'None', 'None', 'None', 0),
(280, 'zsyWQb8', 'None', 'None', 'None', 0),
(281, 'NAe65Jm', 'None', 'None', 'None', 0),
(282, 'cJ4Epja', 'None', 'None', 'None', 0),
(283, 'tEHBtUw', 'None', 'None', 'None', 0),
(284, 'FcFPZyY', 'None', 'None', 'None', 0),
(285, 'HJAa2E5', 'None', 'None', 'None', 0),
(286, 'tjBYHJX', 'None', 'None', 'None', 0),
(287, 'q6jnMaB', 'None', 'None', 'None', 0),
(288, 'X3wuqdS', 'None', 'None', 'None', 0),
(289, 'kF7TcAX', 'None', 'None', 'None', 0),
(290, 'Eg6v1A5', 'None', 'None', 'None', 0),
(291, 'lghTmSU', 'None', 'None', 'None', 0),
(292, 'uyJDT3Y', 'None', 'None', 'None', 0),
(293, 'xGw5E2A', 'None', 'None', 'None', 0),
(294, 'E6VSVxC', 'None', 'None', 'None', 0),
(295, 'qw7Q10r', 'None', 'None', 'None', 0),
(296, 'Bc6uiH3', 'None', 'None', 'None', 0),
(297, 'e5uLTpX', 'None', 'None', 'None', 0),
(298, 'aRNHguT', 'None', 'None', 'None', 0),
(299, 'QnmWy4W', 'None', 'None', 'None', 0),
(300, 'gwljNPP', 'None', 'None', 'None', 0),
(301, 'wT2d8iu', 'None', 'None', 'None', 0),
(302, 'oUD6MoG', 'None', 'None', 'None', 0),
(303, 'TQ1eJ9H', 'None', 'None', 'None', 0),
(304, 'kEsHiKS', 'None', 'None', 'None', 0),
(305, 'Wju7i0Q', 'None', 'None', 'None', 0),
(306, 'JTyf6IU', 'None', 'None', 'None', 0),
(307, 'Di2Vz14', 'None', 'None', 'None', 0),
(308, 'QaTpVO0', 'None', 'None', 'None', 0),
(309, 'XqTB4OB', 'None', 'None', 'None', 0),
(310, 'Ad42NBm', 'None', 'None', 'None', 0),
(311, 'luIikD8', 'None', 'None', 'None', 0),
(312, 'lgl9DXM', 'None', 'None', 'None', 0),
(313, 'iNvKVTx', 'None', 'None', 'None', 0),
(314, 'eUgrCIs', 'None', 'None', 'None', 0),
(315, 'ZtpdxBu', 'None', 'None', 'None', 0),
(316, '5L4z5lS', 'None', 'None', 'None', 0),
(317, 'aiXVfTT', 'None', 'None', 'None', 0),
(318, 'j5ooCsv', 'None', 'None', 'None', 0),
(319, 'lGglz88', 'None', 'None', 'None', 0),
(320, 'hjygjPx', 'None', 'None', 'None', 0),
(321, 'GpTdmRk', 'None', 'None', 'None', 0),
(322, '7qG4cf4', 'None', 'None', 'None', 0),
(323, 'P0GPDYu', 'None', 'None', 'None', 0),
(324, '4RsuZ9t', 'None', 'None', 'None', 0),
(325, 'dZiA7fj', 'None', 'None', 'None', 0),
(326, 'Bk43K03', 'None', 'None', 'None', 0),
(327, 'Xfy9cLB', 'None', 'None', 'None', 0),
(328, 'j3pDb5a', 'None', 'None', 'None', 0),
(329, 'jEIZzWq', 'None', 'None', 'None', 0),
(330, 'D2UtqxT', 'None', 'None', 'None', 0),
(331, 'qdmq091', 'None', 'None', 'None', 0),
(332, 'JtYMFCa', 'None', 'None', 'None', 0),
(333, 'cWaRAL5', 'None', 'None', 'None', 0),
(334, 'a44hh7V', 'None', 'None', 'None', 0),
(335, '6FaJBsd', 'None', 'None', 'None', 0),
(336, '0l786CU', 'None', 'None', 'None', 0),
(337, '9g9Q5Mc', 'None', 'None', 'None', 0),
(338, 'YSbXeRM', 'None', 'None', 'None', 0),
(339, 'Bcyt8lT', 'None', 'None', 'None', 0),
(340, 'cMrWLct', 'None', 'None', 'None', 0),
(341, 'cQL4YAI', 'None', 'None', 'None', 0),
(342, 'jlR8jSa', 'None', 'None', 'None', 0),
(343, 'frpM6I1', 'None', 'None', 'None', 0),
(344, 'B5SHpGF', 'None', 'None', 'None', 0),
(345, 'diGkGrm', 'None', 'None', 'None', 0),
(346, '7LqeWFh', 'None', 'None', 'None', 0),
(347, 'W21MICl', 'None', 'None', 'None', 0),
(348, 'Qr6ZMbV', 'None', 'None', 'None', 0),
(349, 'GF6mHOg', 'None', 'None', 'None', 0),
(350, '1LYF529', 'None', 'None', 'None', 0),
(351, 'Tp2WwM6', 'None', 'None', 'None', 0),
(352, 'ozpkebf', 'None', 'None', 'None', 0),
(353, 'i5DbWmq', 'None', 'None', 'None', 0),
(354, 'b91THjF', 'None', 'None', 'None', 0),
(355, 'jc59fnO', 'None', 'None', 'None', 0),
(356, 'nDkKTKv', 'None', 'None', 'None', 0),
(357, 'uc6e7aO', 'None', 'None', 'None', 0),
(358, 'nuKQqB2', 'None', 'None', 'None', 0),
(359, 'XUOaB31', 'None', 'None', 'None', 0),
(360, 'fdKZzho', 'None', 'None', 'None', 0),
(361, 'ljGWJoW', 'None', 'None', 'None', 0),
(362, 'uyfM3Cw', 'None', 'None', 'None', 0),
(363, 'foCdeUP', 'None', 'None', 'None', 0),
(364, 'joZhxJ3', 'None', 'None', 'None', 0),
(365, 'aNCixeG', 'None', 'None', 'None', 0),
(366, 'm3RqK4E', 'None', 'None', 'None', 0),
(367, 's2jrZWP', 'None', 'None', 'None', 0),
(368, 'aBfmC8X', 'None', 'None', 'None', 0),
(369, '7UfM6lI', 'None', 'None', 'None', 0),
(370, 'X6p6BpX', 'None', 'None', 'None', 0),
(371, 'FMYOTdA', 'None', 'None', 'None', 0),
(372, 'BAO2cNS', 'None', 'None', 'None', 0),
(373, 'vonOELl', 'None', 'None', 'None', 0),
(374, 'e41bV1M', 'None', 'None', 'None', 0),
(375, 'Nq5GPfv', 'None', 'None', 'None', 0),
(376, 'dCJdFfT', 'None', 'None', 'None', 0),
(377, 'SS7GrEG', 'None', 'None', 'None', 0),
(378, '7Mmel7O', 'None', 'None', 'None', 0),
(379, 'XO6DgUY', 'None', 'None', 'None', 0),
(380, 'WXjCOq0', 'None', 'None', 'None', 0),
(381, 'AwHew6B', 'None', 'None', 'None', 0),
(382, 'W2tVsXX', 'None', 'None', 'None', 0),
(383, 'OnboeFT', 'None', 'None', 'None', 0),
(384, 't8AqFAu', 'None', 'None', 'None', 0),
(385, '0WWDnSy', 'None', 'None', 'None', 0),
(386, 'tohaUtO', 'None', 'None', 'None', 0),
(387, 'CAxtsFO', 'None', 'None', 'None', 0),
(388, 'a9CPM7I', 'None', 'None', 'None', 0),
(389, 'FTJHWIV', 'None', 'None', 'None', 0),
(390, 'jnB0VGB', 'None', 'None', 'None', 0),
(391, 'u6kbWXh', 'None', 'None', 'None', 0),
(392, 'IktSPQV', 'None', 'None', 'None', 0),
(393, 'gi2IoIO', 'None', 'None', 'None', 0),
(394, 'EzyYWFn', 'None', 'None', 'None', 0),
(395, 'cNbA14D', 'None', 'None', 'None', 0),
(396, 'xUF7k6d', 'None', 'None', 'None', 0),
(397, 'dC9tapN', 'None', 'None', 'None', 0),
(398, 'f55IJIX', 'None', 'None', 'None', 0),
(399, 'l9FHbnU', 'None', 'None', 'None', 0),
(400, 'whEU87V', 'None', 'None', 'None', 0),
(401, 'bFoXZU9', 'None', 'None', 'None', 0),
(402, 'HH6zJak', 'None', 'None', 'None', 0),
(403, 'rPtlzfC', 'None', 'None', 'None', 0),
(404, '9MKPfD1', 'None', 'None', 'None', 0),
(405, 'BUMkGR8', 'None', 'None', 'None', 0),
(406, 'FKeIdg8', 'None', 'None', 'None', 0),
(407, '4tu5faa', 'None', 'None', 'None', 0),
(408, 'RGXzTgX', 'None', 'None', 'None', 0),
(409, 'iVhFTu9', 'None', 'None', 'None', 0),
(410, 'nTjascb', 'None', 'None', 'None', 0),
(411, 'YHQnGPJ', 'None', 'None', 'None', 0),
(412, 'T9AYzhb', 'None', 'None', 'None', 0),
(413, 'I3xylx1', 'None', 'None', 'None', 0),
(414, 'lbf3RwD', 'None', 'None', 'None', 0),
(415, 'wTYytfh', 'None', 'None', 'None', 0),
(416, '9o3fmGc', 'None', 'None', 'None', 0),
(417, 'CiLGFiF', 'None', 'None', 'None', 0),
(418, 'TUOtSRT', 'None', 'None', 'None', 0),
(419, 'sbjtgdB', 'None', 'None', 'None', 0),
(420, 'o0hgPGm', 'None', 'None', 'None', 0),
(421, 'aqfpJj6', 'None', 'None', 'None', 0),
(422, 'ScbLK1M', 'None', 'None', 'None', 0),
(423, 'UZMi8aH', 'None', 'None', 'None', 0),
(424, 'CF7K4E9', 'None', 'None', 'None', 0),
(425, 'hxKZy1V', 'None', 'None', 'None', 0),
(426, '2cd2be9', 'None', 'None', 'None', 0),
(427, 'OGid1Tb', 'None', 'None', 'None', 0),
(428, 's33mmiZ', 'None', 'None', 'None', 0),
(429, 'Zz1UGeA', 'None', 'None', 'None', 0),
(430, 'u6w2OZt', 'None', 'None', 'None', 0),
(431, 'bUhEUXI', 'None', 'None', 'None', 0),
(432, '9BVyGWL', 'None', 'None', 'None', 0),
(433, 'NRKmOXu', 'None', 'None', 'None', 0),
(434, '8BEg7MP', 'None', 'None', 'None', 0),
(435, 'MEIYI4i', 'None', 'None', 'None', 0),
(436, 'xt0wQk0', 'None', 'None', 'None', 0),
(437, 'aIYNZIc', 'None', 'None', 'None', 0),
(438, 'J4HRqlA', 'None', 'None', 'None', 0),
(439, 'xaPQS2Z', 'None', 'None', 'None', 0),
(440, 'WgBuFFe', 'None', 'None', 'None', 0),
(441, 'tvAFmSb', 'None', 'None', 'None', 0),
(442, 'CgTl8xQ', 'None', 'None', 'None', 0),
(443, 'Lhy9zKY', 'None', 'None', 'None', 0),
(444, 'IUJyN2o', 'None', 'None', 'None', 0),
(445, '5FzSYnd', 'None', 'None', 'None', 0),
(446, 'dpLUr6d', 'None', 'None', 'None', 0),
(447, 'dOeYFAq', 'None', 'None', 'None', 0),
(448, 'ZpzsxmL', 'None', 'None', 'None', 0),
(449, 'OULFuCv', 'None', 'None', 'None', 0),
(450, 'y6gSFZn', 'None', 'None', 'None', 0),
(451, 'lbOKy9X', 'None', 'None', 'None', 0),
(452, 'cbOR2H4', 'None', 'None', 'None', 0),
(453, '9FZ06f1', 'None', 'None', 'None', 0),
(454, 'jO9BXdd', 'None', 'None', 'None', 0),
(455, 'njD56Wa', 'None', 'None', 'None', 0),
(456, 'Khrr5Cb', 'None', 'None', 'None', 0),
(457, '9Dd7Z40', 'None', 'None', 'None', 0),
(458, 'Q3Ig6BY', 'None', 'None', 'None', 0),
(459, 'nYpulnx', 'None', 'None', 'None', 0),
(460, 'Dzzx2xN', 'None', 'None', 'None', 0),
(461, 'WpnKHom', 'None', 'None', 'None', 0),
(462, 'QbAxIy0', 'None', 'None', 'None', 0),
(463, 'DeCanBp', 'None', 'None', 'None', 0),
(464, 'PnFrEqB', 'None', 'None', 'None', 0),
(465, 'aIfdc6Z', 'None', 'None', 'None', 0),
(466, 'eKoC6bi', 'None', 'None', 'None', 0),
(467, 'JCIFJkQ', 'None', 'None', 'None', 0),
(468, 'AGXrxSB', 'None', 'None', 'None', 0),
(469, 'sqslpPZ', 'None', 'None', 'None', 0),
(470, 'LAg5fr9', 'None', 'None', 'None', 0),
(471, '0JCQxSR', 'None', 'None', 'None', 0),
(472, 'FCcT00O', 'None', 'None', 'None', 0),
(473, '17xkPuC', 'None', 'None', 'None', 0),
(474, 'Teni6Bi', 'None', 'None', 'None', 0),
(475, 'XGTEPUB', 'None', 'None', 'None', 0),
(476, 'RJOKUhb', 'None', 'None', 'None', 0),
(477, '1dnXnTu', 'None', 'None', 'None', 0),
(478, 'ljt0YNJ', 'None', 'None', 'None', 0),
(479, 'm5V8nsT', 'None', 'None', 'None', 0),
(480, 'rY3eY3W', 'None', 'None', 'None', 0),
(481, '0Ti9ufM', 'None', 'None', 'None', 0),
(482, 'QrMcofa', 'None', 'None', 'None', 0),
(483, 'nFwVDsD', 'None', 'None', 'None', 0),
(484, 'Ol10BpK', 'None', 'None', 'None', 0),
(485, 'dGOAvUx', 'None', 'None', 'None', 0),
(486, '0C2Tnk8', 'None', 'None', 'None', 0),
(487, 'JxeyNCe', 'None', 'None', 'None', 0),
(488, 'aHhkD6J', 'None', 'None', 'None', 0),
(489, 'ZIPrOoE', 'None', 'None', 'None', 0),
(490, '5tGa1wC', 'None', 'None', 'None', 0),
(491, 'Splfu9k', 'None', 'None', 'None', 0),
(492, 'zM5OWgL', 'None', 'None', 'None', 0),
(493, 'iXMxM3k', 'None', 'None', 'None', 0),
(494, 'LC2y0FP', 'None', 'None', 'None', 0),
(495, '5Hm2jjA', 'None', 'None', 'None', 0),
(496, 'A1UxuFV', 'None', 'None', 'None', 0),
(497, 'eHhpf84', 'None', 'None', 'None', 0),
(498, 'eXh9c4o', 'None', 'None', 'None', 0),
(499, 'vNHpxkx', 'None', 'None', 'None', 0),
(500, 'HicwOVA', 'None', 'None', 'None', 0),
(501, 'J98iWTk', 'None', 'None', 'None', 0),
(502, 'tIhqIo7', 'None', 'None', 'None', 0),
(503, 'XY9oFMY', 'None', 'None', 'None', 0),
(504, 'EjX385y', 'None', 'None', 'None', 0),
(505, 'bfX4UgO', 'None', 'None', 'None', 0),
(506, 'nQe54B7', 'None', 'None', 'None', 0),
(507, 'cAMB0Ns', 'None', 'None', 'None', 0),
(508, 'Qv19vVN', 'None', 'None', 'None', 0),
(509, 'JMcws5F', 'None', 'None', 'None', 0),
(510, 'XECkEaD', 'None', 'None', 'None', 0),
(511, 'kZiY5nQ', 'None', 'None', 'None', 0),
(512, 'pvGTJhK', 'None', 'None', 'None', 0),
(513, 'vK6vId4', 'None', 'None', 'None', 0),
(514, 'SjMDKWr', 'None', 'None', 'None', 0),
(515, 'kNtoFs9', 'None', 'None', 'None', 0),
(516, 'l04RLOh', 'None', 'None', 'None', 0),
(517, 'qdpmsIW', 'None', 'None', 'None', 0),
(518, 'DX7F0rW', 'None', 'None', 'None', 0),
(519, 'r1lwnE6', 'None', 'None', 'None', 0),
(520, 'h38moAe', 'None', 'None', 'None', 0),
(521, '7tl9Kb1', 'None', 'None', 'None', 0),
(522, 'ocE8iwM', 'None', 'None', 'None', 0),
(523, '1NJgxm1', 'None', 'None', 'None', 0),
(524, 'uMEfr6S', 'None', 'None', 'None', 0),
(525, 'guW5NWB', 'None', 'None', 'None', 0),
(526, '0boAEDS', 'None', 'None', 'None', 0),
(527, 'b5AEeV0', 'None', 'None', 'None', 0),
(528, '3LC1gXq', 'None', 'None', 'None', 0),
(529, 'aRfoK8l', 'None', 'None', 'None', 0),
(530, 'AT0tMbm', 'None', 'None', 'None', 0),
(531, 'e3JxBpZ', 'None', 'None', 'None', 0),
(532, 'MbC8YYe', 'None', 'None', 'None', 0),
(533, 'choiZ6l', 'None', 'None', 'None', 0),
(534, 'gD3dOUH', 'None', 'None', 'None', 0),
(535, 'X5ofOj2', 'None', 'None', 'None', 0),
(536, 'eCfj2Pi', 'None', 'None', 'None', 0),
(537, 'deSN0Od', 'None', 'None', 'None', 0),
(538, 'oRR4nyU', 'None', 'None', 'None', 0),
(539, 'mqksypi', 'None', 'None', 'None', 0),
(540, '8Dc5K2W', 'None', 'None', 'None', 0),
(541, '3ERfpiv', 'None', 'None', 'None', 0),
(542, 'IVt4miQ', 'None', 'None', 'None', 0),
(543, '4LAE5g9', 'None', 'None', 'None', 0),
(544, 'SaGPyuh', 'None', 'None', 'None', 0),
(545, 'QCKrhZI', 'None', 'None', 'None', 0),
(546, 'gpPqAVq', 'None', 'None', 'None', 0),
(547, '3YW3tGX', 'None', 'None', 'None', 0),
(548, 'EpYCIGU', 'None', 'None', 'None', 0),
(549, 'vRiJIyy', 'None', 'None', 'None', 0),
(550, '7D6YpYd', 'None', 'None', 'None', 0),
(551, '7w4dnIR', 'None', 'None', 'None', 0),
(552, '1CjsqpC', 'None', 'None', 'None', 0),
(553, '9SakoU9', 'None', 'None', 'None', 0),
(554, 'QvHDDdO', 'None', 'None', 'None', 0),
(555, '0VMZMOF', 'None', 'None', 'None', 0),
(556, 'PtKqWT4', 'None', 'None', 'None', 0),
(557, 'zmQYxoe', 'None', 'None', 'None', 0),
(558, 'AE88H5e', 'None', 'None', 'None', 0),
(559, 'aupQUex', 'None', 'None', 'None', 0),
(560, 'HYfX5zC', 'None', 'None', 'None', 0),
(561, 'scKHIOz', 'None', 'None', 'None', 0),
(562, '73mZNuV', 'None', 'None', 'None', 0),
(563, 'dUIXuG0', 'None', 'None', 'None', 0),
(564, 'Olln6gm', 'None', 'None', 'None', 0),
(565, 'eqQKGkP', 'None', 'None', 'None', 0),
(566, 'oIS82CF', 'None', 'None', 'None', 0),
(567, 'mXPuzzO', 'None', 'None', 'None', 0),
(568, 'odKNE5Y', 'None', 'None', 'None', 0),
(569, '1Q34hv7', 'None', 'None', 'None', 0),
(570, 'uRmDIXz', 'None', 'None', 'None', 0),
(571, 'KHBjk2L', 'None', 'None', 'None', 0),
(572, 'bUxftYw', 'None', 'None', 'None', 0),
(573, '1E61G1O', 'None', 'None', 'None', 0),
(574, 'PlbCaA7', 'None', 'None', 'None', 0),
(575, 'WCrAYqj', 'None', 'None', 'None', 0),
(576, 'zliI6CF', 'None', 'None', 'None', 0),
(577, '0j3dLIl', 'None', 'None', 'None', 0),
(578, 'vYSMBKh', 'None', 'None', 'None', 0),
(579, 'DETdPE0', 'None', 'None', 'None', 0),
(580, 'q2sGiAa', 'None', 'None', 'None', 0),
(581, 'P9FwgBW', 'None', 'None', 'None', 0),
(582, 'PLRSjWw', 'None', 'None', 'None', 0),
(583, 'JrwQLKb', 'None', 'None', 'None', 0),
(584, 'BQ0vezC', 'None', 'None', 'None', 0),
(585, 'BqIovtf', 'None', 'None', 'None', 0),
(586, 'aB7cyIb', 'None', 'None', 'None', 0),
(587, 'HKiYeHf', 'None', 'None', 'None', 0),
(588, 'zc9LIzN', 'None', 'None', 'None', 0),
(589, 'XYTzL23', 'None', 'None', 'None', 0),
(590, 'Xqj8pYe', 'None', 'None', 'None', 0),
(591, '2iilQ0E', 'None', 'None', 'None', 0),
(592, 'MUBcEiR', 'None', 'None', 'None', 0),
(593, 'YnWg3zE', 'None', 'None', 'None', 0),
(594, 'VxIwXok', 'None', 'None', 'None', 0),
(595, 'aKHtcig', 'None', 'None', 'None', 0),
(596, 'qfO6AYX', 'None', 'None', 'None', 0),
(597, 'gAzsI2l', 'None', 'None', 'None', 0),
(598, '4DDiDj5', 'None', 'None', 'None', 0),
(599, 'Sa7T7D5', 'None', 'None', 'None', 0),
(600, 'xWbUNig', 'None', 'None', 'None', 0),
(601, 'kqICkhI', 'None', 'None', 'None', 0),
(602, 'TsF37Vh', 'None', 'None', 'None', 0),
(603, 'FLEPCKT', 'None', 'None', 'None', 0),
(604, '2vtcVPx', 'None', 'None', 'None', 0),
(605, 'AQxOQ7K', 'None', 'None', 'None', 0),
(606, 'HRbvNpt', 'None', 'None', 'None', 0),
(607, 'Ab53kiF', 'None', 'None', 'None', 0),
(608, 'GbVZs9N', 'None', 'None', 'None', 0),
(609, 'GlUEmd6', 'None', 'None', 'None', 0),
(610, 'NQiGHEZ', 'None', 'None', 'None', 0),
(611, '7w56aXv', 'None', 'None', 'None', 0),
(612, 'PztIILQ', 'None', 'None', 'None', 0),
(613, 'duCS64M', 'None', 'None', 'None', 0),
(614, 'LX0LBfW', 'None', 'None', 'None', 0),
(615, 'jaJgaoL', 'None', 'None', 'None', 0),
(616, 'xzpXMg9', 'None', 'None', 'None', 0),
(617, 'wBDrLpY', 'None', 'None', 'None', 0),
(618, 'K2KfzAO', 'None', 'None', 'None', 0),
(619, 'ROVLFGR', 'None', 'None', 'None', 0),
(620, 'eM5sA0A', 'None', 'None', 'None', 0),
(621, 'BuN33vs', 'None', 'None', 'None', 0),
(622, 'Z2BINw8', 'None', 'None', 'None', 0),
(623, 'tWxqLeS', 'None', 'None', 'None', 0),
(624, 'xtKywDs', 'None', 'None', 'None', 0),
(625, 'iAh8DGa', 'None', 'None', 'None', 0),
(626, 'UMrWWaa', 'None', 'None', 'None', 0),
(627, 'GaCm1ey', 'None', 'None', 'None', 0),
(628, '8bQGv8h', 'None', 'None', 'None', 0),
(629, 'p6Hwmt3', 'None', 'None', 'None', 0),
(630, 'pBOkD65', 'None', 'None', 'None', 0),
(631, 'VnWh11e', 'None', 'None', 'None', 0),
(632, '6FVgCbe', 'None', 'None', 'None', 0),
(633, '7YvKOvz', 'None', 'None', 'None', 0),
(634, 'aEQBJTN', 'None', 'None', 'None', 0),
(635, '7r5woxL', 'None', 'None', 'None', 0),
(636, '6ykfgsE', 'None', 'None', 'None', 0),
(637, 'VDtXfoi', 'None', 'None', 'None', 0),
(638, 'C8AjRcq', 'None', 'None', 'None', 0),
(639, 'VbEUNVR', 'None', 'None', 'None', 0),
(640, 'pVECPLY', 'None', 'None', 'None', 0),
(641, 'Fa2ZWMt', 'None', 'None', 'None', 0),
(642, 'dDMAjBS', 'None', 'None', 'None', 0),
(643, 'rpTEhHl', 'None', 'None', 'None', 0),
(644, '3LZYiMP', 'None', 'None', 'None', 0),
(645, 'QlKrHFF', 'None', 'None', 'None', 0),
(646, 'UU8yVVk', 'None', 'None', 'None', 0),
(647, 'yMidYLs', 'None', 'None', 'None', 0),
(648, 'GGw2Qmb', 'None', 'None', 'None', 0),
(649, 'GSthVQg', 'None', 'None', 'None', 0),
(650, 'jPUOfCl', 'None', 'None', 'None', 0),
(651, 'NmNonBy', 'None', 'None', 'None', 0),
(652, 'bR0CXnM', 'None', 'None', 'None', 0),
(653, 'R9oPep6', 'None', 'None', 'None', 0),
(654, 'NDvblsp', 'None', 'None', 'None', 0),
(655, 'YrB5VBN', 'None', 'None', 'None', 0),
(656, '3iWZ53E', 'None', 'None', 'None', 0),
(657, '64Mn28I', 'None', 'None', 'None', 0),
(658, 'oP26ib1', 'None', 'None', 'None', 0),
(659, 'YMNEHEq', 'None', 'None', 'None', 0),
(660, 'HOPhN0q', 'None', 'None', 'None', 0),
(661, 'Wh6vHis', 'None', 'None', 'None', 0),
(662, 'eMDcnxt', 'None', 'None', 'None', 0),
(663, 'TmTkwtI', 'None', 'None', 'None', 0),
(664, 'JT5XCPi', 'None', 'None', 'None', 0),
(665, 'uqbmNed', 'None', 'None', 'None', 0),
(666, '6EVynBm', 'None', 'None', 'None', 0),
(667, 'eIy9gHG', 'None', 'None', 'None', 0),
(668, 'NxEpWqa', 'None', 'None', 'None', 0),
(671, 'mehmetkahman', 'mehmetkah2@gmail.com', 'e10adc3949ba59abbe56e057f20f883e', 'kahmantak2', 965),
(672, 'Aliiiii', 'al@gmail.com', 'e10adc3949ba59abbe56e057f20f883e', 'Tosuncuk', 786),
(673, 'hilmicem', 'hiilmee@gmail.com', 'e10adc3949ba59abbe56e057f20f883e', 'survivor', 1365),
(674, 'yagmurr', 'yagyagmur@gmail.com', 'e10adc3949ba59abbe56e057f20f883e', 'survivor', 1253),
(675, 'acunnn', 'acunnn@gmail.com', 'e10adc3949ba59abbe56e057f20f883e', 'survivor', 1423),
(676, 'karakus', 'karakus@gmail.com', 'e10adc3949ba59abbe56e057f20f883e', 'galatasaray', 325),
(677, 'nagihan', 'nagi@gmail.com', 'e10adc3949ba59abbe56e057f20f883e', 'survivor', 450),
(678, 'rizacan', 'rizaaa@gmail.com', 'e10adc3949ba59abbe56e057f20f883e', 'manisa', 145),
(679, 'kaptan1', 'kpatan1@gmail.com', 'e10adc3949ba59abbe56e057f20f883e', 'manisa', 300),
(680, 'sahbaz', 'sahbaz@gmail.com', 'e10adc3949ba59abbe56e057f20f883e', 'kykkyk', 145),
(681, 'emine145', 'emine145@gmail.com', 'e10adc3949ba59abbe56e057f20f883e', 'emine1', 265),
(682, 'ayferro', 'ayferro@gmail.com', 'e10adc3949ba59abbe56e057f20f883e', 'ayferro', 150),
(683, 'serenay1', 'serenay@gmail.com', 'e10adc3949ba59abbe56e057f20f883e', 'serenay', 356),
(684, 'anilberk', 'anilberk@gmail.com', 'e10adc3949ba59abbe56e057f20f883e', 'anilberk', 145),
(685, 'Madzed', 'madzed@gmail.com', 'e10adc3949ba59abbe56e057f20f883e', 'madzed', 230),
(686, 'yassuo', 'yassuo@gmail.com', 'e10adc3949ba59abbe56e057f20f883e', 'yassuo', 800);

/*!40101 SET CHARACTER_SET_CLIENT=@OLD_CHARACTER_SET_CLIENT */;
/*!40101 SET CHARACTER_SET_RESULTS=@OLD_CHARACTER_SET_RESULTS */;
/*!40101 SET COLLATION_CONNECTION=@OLD_COLLATION_CONNECTION */;
